Start_Date,End_Date,Poll,Approve,Disapprove,Grade,Sample,Population,Weight
2017-01-20,2017-01-22,Gallup,45.0,45.0,B,1500.0,A,0.26232298
2017-01-21,2017-01-23,Gallup,45.0,46.0,B,1500.0,A,0.24284463
2017-01-22,2017-01-24,Rasmussen Reports/Pulse Opinion Research,57.0,43.0,C+,1500.0,LV,0.20041139
2017-01-23,2017-01-24,Public Policy Polling,44.0,44.0,B,1043.0,RV,1.1162936
2017-01-24,2017-01-26,Rasmussen Reports/Pulse Opinion Research,55.0,45.0,C+,1500.0,LV,0.1738549
2017-01-25,2017-01-27,Gallup,42.0,50.0,B,1500.0,A,0.19621853
2017-01-26,2017-01-28,Gallup,42.0,51.0,B,1500.0,A,0.18925993
2017-01-27,2017-01-29,Gallup,43.0,50.0,B,1500.0,A,0.18353335
2017-01-28,2017-01-30,Gallup,43.0,51.0,B,1500.0,A,0.17886687
2017-01-29,2017-01-31,Gallup,43.0,52.0,B,1500.0,A,0.17513695
2017-01-30,2017-02-01,Rasmussen Reports/Pulse Opinion Research,53.0,47.0,C+,1500.0,LV,0.13679511
2017-01-31,2017-02-02,CNN/Opinion Research Corp.,44.0,53.0,B+,1002.0,A,1.5435987
2017-02-01,2017-02-02,CBS News,40.0,48.0,A,1019.0,A,1.7591956999999998
2017-02-02,2017-02-04,Zogby Analytics,47.0,43.0,C+,860.0,LV,0.93813536
2017-02-03,2017-02-05,Gallup,42.0,52.0,B,1500.0,A,0.16528638
2017-02-04,2017-02-06,Gallup,42.0,54.0,B,1500.0,A,0.16404735
2017-02-05,2017-02-06,Emerson College,48.1,47.2,A-,617.0,RV,1.1289502
2017-02-06,2017-02-08,Rasmussen Reports/Pulse Opinion Research,53.0,47.0,C+,1500.0,LV,0.12583184
2017-02-07,2017-02-09,Gallup,42.0,52.0,B,1500.0,A,0.16131057
2017-02-08,2017-02-10,Gallup,41.0,53.0,B,1500.0,A,0.16069545
2017-02-09,2017-02-11,Gallup,40.0,55.0,B,1500.0,A,0.16021868
2017-02-10,2017-02-12,Gallup,40.0,54.0,B,1500.0,A,0.15987653
2017-02-11,2017-02-13,YouGov,42.0,47.0,B,1000.0,A,0.14965587
2017-02-12,2017-02-14,YouGov,38.0,53.0,B,1000.0,A,0.14610563
2017-02-13,2017-02-15,Rasmussen Reports/Pulse Opinion Research,55.0,45.0,C+,1500.0,LV,0.12259498
2017-02-14,2017-02-16,YouGov,37.0,51.0,B,1000.0,A,0.14386399
2017-02-15,2017-02-17,Gallup,40.0,55.0,B,1500.0,A,0.15873077
2017-02-16,2017-02-18,Gallup,41.0,55.0,B,1500.0,A,0.15860471
2017-02-17,2017-02-19,YouGov,38.0,52.0,B,1000.0,A,0.13897222
2017-02-18,2017-02-20,Gallup,41.0,53.0,B,1500.0,A,0.15844849
2017-02-19,2017-02-21,Rasmussen Reports/Pulse Opinion Research,51.0,49.0,C+,1500.0,LV,0.12137694
2017-02-20,2017-02-22,Gallup,43.0,52.0,B,1500.0,A,0.15841743
2017-02-21,2017-02-22,Public Policy Polling,45.0,48.0,B,941.0,RV,1.1168601999999999
2017-02-22,2017-02-24,Gallup,41.0,53.0,B,1500.0,A,0.15841743
2017-02-23,2017-02-25,Gallup,41.0,54.0,B,1500.0,A,0.15841743
2017-02-24,2017-02-26,Gallup,42.0,54.0,B,1500.0,A,0.15841743
2017-02-25,2017-02-27,Gallup,42.0,54.0,B,1500.0,A,0.15841743
2017-02-26,2017-02-28,Rasmussen Reports/Pulse Opinion Research,50.0,50.0,C+,1500.0,LV,0.12132109
2017-02-27,2017-03-01,Gallup,43.0,51.0,B,1500.0,A,0.15841743
2017-02-28,2017-03-02,YouGov,46.0,42.0,B,1000.0,A,0.13302055
2017-03-01,2017-03-03,Gallup,43.0,51.0,B,1500.0,A,0.15841743
2017-03-02,2017-03-04,YouGov,41.0,48.0,B,1000.0,A,0.13258711
2017-03-03,2017-03-05,Gallup,44.0,50.0,B,1500.0,A,0.15841743
2017-03-04,2017-03-06,Gallup,43.0,51.0,B,1500.0,A,0.15841743
2017-03-05,2017-03-07,Gallup,42.0,53.0,B,1500.0,A,0.15841743
2017-03-06,2017-03-08,Gallup,41.0,53.0,B,1500.0,A,0.15841743
2017-03-07,2017-03-09,YouGov,39.0,49.0,B,1000.0,A,0.13131025
2017-03-08,2017-03-10,YouGov,40.0,50.0,B,1000.0,A,0.13244434
2017-03-09,2017-03-11,Gallup,45.0,49.0,B,1500.0,A,0.15841743
2017-03-10,2017-03-12,Public Policy Polling,43.0,50.0,B,808.0,RV,1.0461969
2017-03-11,2017-03-13,Gallup,39.0,55.0,B,1500.0,A,0.15841743
2017-03-12,2017-03-14,Fox News,43.0,51.0,A-,1008.0,RV,1.717006
2017-03-13,2017-03-15,Rasmussen Reports/Pulse Opinion Research,47.0,53.0,C+,1500.0,LV,0.12178752
2017-03-14,2017-03-16,Gallup,41.0,54.0,B,1500.0,A,0.15841743
2017-03-15,2017-03-17,YouGov,43.0,47.0,B,1000.0,A,0.13071444
2017-03-16,2017-03-18,YouGov,42.0,49.0,B,1000.0,A,0.13022767
2017-03-17,2017-03-19,Gallup,39.0,55.0,B,1500.0,A,0.1585108
2017-03-18,2017-03-20,Gallup,39.0,56.0,B,1500.0,A,0.15853423
2017-03-19,2017-03-21,Rasmussen Reports/Pulse Opinion Research,46.0,54.0,C+,1500.0,LV,0.12132109
2017-03-20,2017-03-22,Rasmussen Reports/Pulse Opinion Research,47.0,53.0,C+,1500.0,LV,0.12178752
2017-03-21,2017-03-23,YouGov,40.0,50.0,B,1000.0,A,0.12821249
2017-03-22,2017-03-24,YouGov,40.0,52.0,B,1000.0,A,0.128475
2017-03-23,2017-03-25,YouGov,39.0,50.0,B,1000.0,A,0.12810789
2017-03-24,2017-03-26,Gallup,36.0,57.0,B,1500.0,A,0.1586755
2017-03-25,2017-03-27,Gallup,36.0,56.0,B,1500.0,A,0.15879154
2017-03-26,2017-03-28,YouGov,37.0,53.0,B,1000.0,A,0.1271833
2017-03-27,2017-03-29,Gallup,38.0,57.0,B,1500.0,A,0.15902482
2017-03-28,2017-03-30,YouGov,39.0,50.0,B,1000.0,A,0.12938264
2017-03-29,2017-03-31,YouGov,39.0,51.0,B,1000.0,A,0.13067823
2017-03-30,2017-04-01,YouGov,38.0,53.0,B,1000.0,A,0.13197486
2017-03-31,2017-04-02,YouGov,37.0,51.0,B,1000.0,A,0.13200138
2017-04-01,2017-04-03,Gallup,39.0,55.0,B,1500.0,A,0.15952845
2017-04-02,2017-04-04,Gallup,42.0,52.0,B,1500.0,A,0.15966364
2017-04-03,2017-04-05,Gallup,41.0,53.0,B,1500.0,A,0.15977515
2017-04-04,2017-04-06,YouGov,39.0,50.0,B,1000.0,A,0.13568637
2017-04-05,2017-04-07,YouGov,38.0,50.0,B,1000.0,A,0.13827287
2017-04-06,2017-04-08,Gallup,40.0,54.0,B,1500.0,A,0.16170439
2017-04-07,2017-04-09,Gallup,40.0,53.0,B,1500.0,A,0.16222539
2017-04-08,2017-04-10,Gallup,40.0,54.0,B,1500.0,A,0.16275083
2017-04-09,2017-04-11,Rasmussen Reports/Pulse Opinion Research,47.0,53.0,C+,1500.0,LV,0.12132109
2017-04-10,2017-04-12,Rasmussen Reports/Pulse Opinion Research,48.0,52.0,C+,1500.0,LV,0.12178752
2017-04-11,2017-04-13,Gallup,40.0,55.0,B,1500.0,A,0.16445236
2017-04-12,2017-04-14,YouGov,42.0,47.0,B,1000.0,A,0.14561612
2017-04-13,2017-04-15,YouGov,42.0,47.0,B,1000.0,A,0.14704933
2017-04-14,2017-04-17,Harris Poll,48.0,52.0,C,2027.0,RV,1.2168961999999999
2017-04-15,2017-04-19,Ipsos,42.0,53.1,B-,1813.0,A,0.10501264
2017-04-16,2017-04-18,YouGov,43.0,46.0,B,1000.0,A,0.14432304
2017-04-17,2017-04-19,Rasmussen Reports/Pulse Opinion Research,49.0,51.0,C+,1500.0,LV,0.12178752
2017-04-18,2017-04-20,Gallup,43.0,51.0,B,1500.0,A,0.16342788
2017-04-19,2017-04-21,Gallup,42.0,52.0,B,1500.0,A,0.16298262
2017-04-20,2017-04-22,Gallup,40.0,54.0,B,1500.0,A,0.16254151
2017-04-21,2017-04-23,YouGov,43.0,48.0,B,1000.0,A,0.14069691
2017-04-22,2017-04-24,Gallup,40.0,55.0,B,1500.0,A,0.16288403
2017-04-23,2017-04-25,YouGov,42.0,49.0,B,1500.0,A,0.20304346
2017-04-24,2017-04-26,YouGov,40.0,50.0,B,1000.0,A,0.13431177
2017-04-25,2017-04-27,Gallup,43.0,52.0,B,1500.0,A,0.1623775
2017-04-26,2017-04-28,YouGov,42.0,46.0,B,1000.0,A,0.13270723
2017-04-27,2017-04-29,YouGov,38.0,50.0,B,1000.0,A,0.13188606
2017-04-28,2017-04-29,Zogby Analytics,44.0,50.0,C+,876.0,LV,0.94636319
2017-04-29,2017-05-01,YouGov,41.0,50.0,B,1000.0,A,0.12901679
2017-04-30,2017-05-02,YouGov,40.0,49.0,B,1000.0,A,0.1276721
2017-05-01,2017-05-03,Rasmussen Reports/Pulse Opinion Research,48.0,52.0,C+,1500.0,LV,0.12178752
2017-05-02,2017-05-04,Rasmussen Reports/Pulse Opinion Research,46.0,54.0,C+,1500.0,LV,0.12202314
2017-05-03,2017-05-05,YouGov,40.0,50.0,B,1000.0,A,0.12842684
2017-05-04,2017-05-06,Morning Consult,44.0,48.0,B/C,1996.0,RV,0.29098483
2017-05-05,2017-05-07,YouGov,42.0,47.0,B,1000.0,A,0.12720277
2017-05-06,2017-05-08,Gallup,40.0,53.0,B,1500.0,A,0.16048267
2017-05-07,2017-05-09,Gallup,40.0,53.0,B,1500.0,A,0.16017714
2017-05-08,2017-05-10,YouGov,39.0,48.0,B,1000.0,A,0.12604477
2017-05-09,2017-05-11,YouGov,40.0,51.0,B,1000.0,A,0.12655715
2017-05-10,2017-05-12,YouGov,39.0,50.0,B,1000.0,A,0.12708134
2017-05-11,2017-05-13,YouGov,37.0,53.0,B,1000.0,A,0.12698591
2017-05-12,2017-05-14,Public Policy Polling,40.0,54.0,B,692.0,RV,1.0437083
2017-05-13,2017-05-15,YouGov,38.0,52.0,B,1000.0,A,0.12556897
2017-05-14,2017-05-16,YouGov,37.0,50.0,B,1000.0,A,0.12487849
2017-05-15,2017-05-17,Rasmussen Reports/Pulse Opinion Research,44.0,55.0,C+,1500.0,LV,0.12178752
2017-05-16,2017-05-18,YouGov,36.0,51.0,B,1000.0,A,0.12604296
2017-05-17,2017-05-19,YouGov,38.0,52.0,B,1000.0,A,0.12667318
2017-05-18,2017-05-20,Gallup,38.0,56.0,B,1500.0,A,0.15866611
2017-05-19,2017-05-21,YouGov,37.0,54.0,B,1000.0,A,0.12598141
2017-05-20,2017-05-22,Gallup,38.0,56.0,B,1500.0,A,0.15854248
2017-05-21,2017-05-23,Rasmussen Reports/Pulse Opinion Research,48.0,52.0,C+,1500.0,LV,0.12132109
2017-05-22,2017-05-24,YouGov,38.0,50.0,B,1000.0,A,0.12530154
2017-05-23,2017-05-25,YouGov,39.0,50.0,B,1000.0,A,0.12594054
2017-05-24,2017-05-26,YouGov,37.0,52.0,B,1000.0,A,0.1265911
2017-05-25,2017-05-27,Gallup,42.0,53.0,B,1500.0,A,0.15848741
2017-05-26,2017-05-28,Gallup,42.0,53.0,B,1500.0,A,0.15847183
2017-05-27,2017-05-29,Gallup,41.0,54.0,B,1500.0,A,0.15845627
2017-05-28,2017-05-30,Rasmussen Reports/Pulse Opinion Research,43.0,57.0,C+,1500.0,LV,0.12132109
2017-05-29,2017-05-31,YouGov,36.0,51.0,B,1000.0,A,0.12530154
2017-05-30,2017-06-01,YouGov,40.0,49.0,B,1000.0,A,0.12594054
2017-05-31,2017-06-02,Gallup,37.0,57.0,B,1500.0,A,0.15839417
2017-06-01,2017-06-02,Morning Consult,44.0,52.0,B/C,1999.0,RV,0.34582646
2017-06-02,2017-06-04,Gallup,37.0,57.0,B,1500.0,A,0.15842519
2017-06-03,2017-06-05,YouGov,37.0,51.0,B,1000.0,A,0.1253321
2017-06-04,2017-06-06,Gallup,38.0,57.0,B,1500.0,A,0.1585108
2017-06-05,2017-06-07,Rasmussen Reports/Pulse Opinion Research,46.0,54.0,C+,1500.0,LV,0.12179993
2017-06-06,2017-06-08,Rasmussen Reports/Pulse Opinion Research,46.0,54.0,C+,1500.0,LV,0.12204801
2017-06-07,2017-06-09,Gallup,39.0,56.0,B,1500.0,A,0.15858118
2017-06-08,2017-06-10,Gallup,38.0,58.0,B,1500.0,A,0.15860471
2017-06-09,2017-06-11,Gallup,36.0,59.0,B,1500.0,A,0.15862827
2017-06-10,2017-06-12,Gallup,36.0,60.0,B,1500.0,A,0.15868338
2017-06-11,2017-06-13,YouGov,38.0,52.0,B,1000.0,A,0.12470429
2017-06-12,2017-06-14,Rasmussen Reports/Pulse Opinion Research,47.0,53.0,C+,1500.0,LV,0.12181219
2017-06-13,2017-06-15,YouGov,40.0,51.0,B,1000.0,A,0.12606685
2017-06-14,2017-06-16,YouGov,38.0,52.0,B,1000.0,A,0.12671749
2017-06-15,2017-06-17,YouGov,39.0,49.0,B,1000.0,A,0.12671749
2017-06-16,2017-06-18,YouGov,37.0,53.0,B,1000.0,A,0.12606685
2017-06-17,2017-06-19,Gallup,37.0,57.0,B,1500.0,A,0.15952318
2017-06-18,2017-06-20,Gallup,37.0,58.0,B,1500.0,A,0.1596423
2017-06-19,2017-06-21,Harris Poll,48.0,52.0,C,2237.0,RV,1.2475768999999999
2017-06-20,2017-06-21,Morning Consult,44.0,50.0,B/C,2177.0,A,0.34633682
2017-06-21,2017-06-23,Gallup,39.0,55.0,B,1500.0,A,0.16021719
2017-06-22,2017-06-24,YouGov,37.0,54.0,B,1000.0,A,0.12734925
2017-06-23,2017-06-25,Gallup,36.0,58.0,B,1500.0,A,0.16179422
2017-06-24,2017-06-26,Gallup,39.0,57.0,B,1500.0,A,0.16239411
2017-06-25,2017-06-27,Rasmussen Reports/Pulse Opinion Research,46.0,54.0,C+,1500.0,LV,0.12222231
2017-06-26,2017-06-28,Gallup,40.0,56.0,B,1500.0,A,0.16360932
2017-06-27,2017-06-29,Rasmussen Reports/Pulse Opinion Research,46.0,54.0,C+,1500.0,LV,0.12348703
2017-06-28,2017-06-30,Gallup,38.0,57.0,B,1500.0,A,0.16484558
2017-06-29,2017-07-01,Gallup,37.0,57.0,B,1500.0,A,0.16547178
2017-06-30,2017-07-02,Gallup,39.0,56.0,B,1500.0,A,0.16668307
2017-07-01,2017-07-03,YouGov,36.0,53.0,B,1000.0,A,0.12606685
2017-07-02,2017-07-04,YouGov,35.0,56.0,B,1000.0,A,0.12542778
2017-07-03,2017-07-05,YouGov,38.0,52.0,B,1000.0,A,0.12460913
2017-07-04,2017-07-06,Rasmussen Reports/Pulse Opinion Research,45.0,55.0,C+,1500.0,LV,0.12608338
2017-07-05,2017-07-06,Winston Group,41.0,50.0,B/C,1000.0,RV,1.2180788999999999
2017-07-06,2017-07-08,YouGov,41.0,48.0,B,1000.0,A,0.12587601
2017-07-07,2017-07-09,Gallup,39.0,56.0,B,1500.0,A,0.16807002
2017-07-08,2017-07-10,YouGov,40.0,53.0,B,1000.0,A,0.12460913
2017-07-09,2017-07-11,Rasmussen Reports/Pulse Opinion Research,45.0,55.0,C+,1500.0,LV,0.12388479
2017-07-10,2017-07-12,Rasmussen Reports/Pulse Opinion Research,44.0,56.0,C+,1500.0,LV,0.12409002
2017-07-11,2017-07-13,Rasmussen Reports/Pulse Opinion Research,43.0,57.0,C+,1500.0,LV,0.12405116
2017-07-12,2017-07-14,YouGov,38.0,50.0,B,1000.0,A,0.12597118
2017-07-13,2017-07-15,Gallup,38.0,56.0,B,1500.0,A,0.16380825
2017-07-14,2017-07-16,Zogby Analytics,42.0,54.0,C+,856.0,LV,0.8776009
2017-07-15,2017-07-17,Gallup,38.0,56.0,B,1500.0,A,0.16299912
2017-07-16,2017-07-18,Rasmussen Reports/Pulse Opinion Research,42.0,58.0,C+,1500.0,LV,0.1219512
2017-07-17,2017-07-19,Gallup,36.0,59.0,B,1500.0,A,0.16179422
2017-07-18,2017-07-20,Rasmussen Reports/Pulse Opinion Research,43.0,57.0,C+,1500.0,LV,0.12255205
2017-07-19,2017-07-21,Gallup,38.0,57.0,B,1500.0,A,0.16060950000000002
2017-07-20,2017-07-22,YouGov,38.0,51.0,B,1000.0,A,0.12706033
2017-07-21,2017-07-23,YouGov,39.0,50.0,B,1000.0,A,0.12637823
2017-07-22,2017-07-24,Gallup,36.0,59.0,B,1500.0,A,0.15938289
2017-07-23,2017-07-25,Rasmussen Reports/Pulse Opinion Research,43.0,57.0,C+,1500.0,LV,0.12148315
2017-07-24,2017-07-26,Gallup,39.0,55.0,B,1500.0,A,0.15935753
2017-07-25,2017-07-27,Gallup,39.0,54.0,B,1500.0,A,0.15928599999999998
2017-07-26,2017-07-28,YouGov,38.0,53.0,B,1000.0,A,0.12690806
2017-07-27,2017-07-29,YouGov,35.0,55.0,B,1000.0,A,0.12682471
2017-07-28,2017-07-30,YouGov,37.0,53.0,B,1000.0,A,0.12608001
2017-07-29,2017-07-31,Gallup,37.0,59.0,B,1500.0,A,0.15881584
2017-07-30,2017-08-01,Rasmussen Reports/Pulse Opinion Research,38.0,62.0,C+,1500.0,LV,0.12139562
2017-07-31,2017-08-02,Gallup,36.0,58.0,B,1500.0,A,0.15858283
2017-08-01,2017-08-03,YouGov,36.0,57.0,B,1000.0,A,0.12415482
2017-08-02,2017-08-04,Gallup,37.0,55.0,B,1500.0,A,0.15855769
2017-08-03,2017-08-05,YouGov,35.0,55.0,B,1000.0,A,0.12466116
2017-08-04,2017-08-06,Gallup,38.0,57.0,B,1500.0,A,0.15853423
2017-08-05,2017-08-07,YouGov,36.0,55.0,B,1000.0,A,0.12245712
2017-08-06,2017-08-08,YouGov,37.0,53.0,B,1500.0,A,0.18210013
2017-08-07,2017-08-09,Rasmussen Reports/Pulse Opinion Research,44.0,54.0,C+,1500.0,LV,0.12178752
2017-08-08,2017-08-10,YouGov,37.0,53.0,B,1000.0,A,0.12125575
2017-08-09,2017-08-11,YouGov,40.0,49.0,B,1000.0,A,0.12097567
2017-08-10,2017-08-12,Gallup,36.0,59.0,B,1500.0,A,0.15839417
2017-08-11,2017-08-13,Gallup,34.0,61.0,B,1500.0,A,0.15840192
2017-08-12,2017-08-14,Gallup,36.0,59.0,B,1500.0,A,0.15841743
2017-08-13,2017-08-15,Gallup,36.0,58.0,B,1500.0,A,0.15841743
2017-08-14,2017-08-15,YouGov,34.0,58.0,B,1000.0,A,0.11795069
2017-08-15,2017-08-17,Gallup,38.0,57.0,B,1500.0,A,0.15841743
2017-08-16,2017-08-17,Opinion Savvy,43.0,55.0,B-,763.0,RV,1.0275005
2017-08-17,2017-08-19,Gallup,36.0,58.0,B,1500.0,A,0.15841743
2017-08-18,2017-08-20,Gallup,35.0,59.0,B,1500.0,A,0.15841743
2017-08-19,2017-08-21,Gallup,35.0,60.0,B,1500.0,A,0.15841743
2017-08-20,2017-08-22,Rasmussen Reports/Pulse Opinion Research,41.0,57.0,C+,1500.0,LV,0.12132109
2017-08-21,2017-08-23,Rasmussen Reports/Pulse Opinion Research,42.0,56.0,C+,1500.0,LV,0.12178752
2017-08-22,2017-08-24,YouGov,36.0,54.0,B,1000.0,A,0.12287915
2017-08-23,2017-08-25,YouGov,34.0,56.0,B,1000.0,A,0.12375874
2017-08-24,2017-08-26,Gallup,35.0,60.0,B,1500.0,A,0.15841743
2017-08-25,2017-08-27,YouGov,36.0,55.0,B,1000.0,A,0.12359483
2017-08-26,2017-08-28,Gallup,35.0,60.0,B,1500.0,A,0.15841743
2017-08-27,2017-08-29,YouGov,36.0,54.0,B,1000.0,A,0.12196374
2017-08-28,2017-08-30,Gallup,34.0,60.0,B,1500.0,A,0.15841743
2017-08-29,2017-08-31,Rasmussen Reports/Pulse Opinion Research,42.0,56.0,C+,1500.0,LV,0.12202314
2017-08-30,2017-09-01,Gallup,34.0,61.0,B,1500.0,A,0.15841743
2017-08-31,2017-09-02,YouGov,36.0,53.0,B,1000.0,A,0.11884422
2017-09-01,2017-09-03,Gallup,38.0,56.0,B,1500.0,A,0.15841743
2017-09-02,2017-09-04,YouGov,37.0,55.0,B,1000.0,A,0.11542897
2017-09-03,2017-09-05,YouGov,38.0,49.0,B,1000.0,A,0.11367024
2017-09-04,2017-09-06,Rasmussen Reports/Pulse Opinion Research,45.0,54.0,C+,1500.0,LV,0.12178752
2017-09-05,2017-09-07,YouGov,38.0,53.0,B,1000.0,A,0.11223514
2017-09-06,2017-09-08,Gallup,38.0,56.0,B,1500.0,A,0.15841743
2017-09-07,2017-09-09,YouGov,38.0,52.0,B,1000.0,A,0.11032777
2017-09-08,2017-09-10,Gallup,38.0,57.0,B,1500.0,A,0.15841743
2017-09-09,2017-09-11,YouGov,36.0,54.0,B,1000.0,A,0.11030102
2017-09-10,2017-09-12,Rasmussen Reports/Pulse Opinion Research,42.0,56.0,C+,1500.0,LV,0.12132109
2017-09-11,2017-09-13,Gallup,37.0,56.0,B,1500.0,A,0.15841743
2017-09-12,2017-09-14,YouGov,40.0,51.0,B,1000.0,A,0.11218231
2017-09-13,2017-09-15,YouGov,40.0,48.0,B,1000.0,A,0.11396345
2017-09-14,2017-09-16,YouGov,37.0,53.0,B,1000.0,A,0.11529373
2017-09-15,2017-09-17,Gallup,38.0,56.0,B,1500.0,A,0.15841743
2017-09-16,2017-09-18,Gallup,38.0,55.0,B,1500.0,A,0.15841743
2017-09-17,2017-09-19,YouGov,38.0,52.0,B,1000.0,A,0.11776472
2017-09-18,2017-09-20,Rasmussen Reports/Pulse Opinion Research,43.0,55.0,C+,1500.0,LV,0.12178752
2017-09-19,2017-09-21,Rasmussen Reports/Pulse Opinion Research,43.0,55.0,C+,1500.0,LV,0.12202314
2017-09-20,2017-09-21,Public Policy Polling,42.0,54.0,B,638.0,RV,0.75746331
2017-09-21,2017-09-23,Gallup,40.0,54.0,B,1500.0,A,0.15841743
2017-09-22,2017-09-24,YouGov,38.0,52.0,B,1000.0,A,0.12291637
2017-09-23,2017-09-25,YouGov,38.0,53.0,B,1000.0,A,0.12293982
2017-09-24,2017-09-26,YouGov,37.0,53.0,B,1000.0,A,0.12256984
2017-09-25,2017-09-27,Marist College,37.0,54.0,A+,1105.0,A,1.9896880000000001
2017-09-26,2017-09-27,Lucid,34.57,52.77,D+,1221.0,A,0.37693202
2017-09-27,2017-09-29,YouGov,37.0,54.0,B,1000.0,A,0.12526209
2017-09-28,2017-09-29,Winston Group,38.0,52.0,B/C,1000.0,RV,1.2120343
2017-09-29,2017-10-01,YouGov,38.0,52.0,B,1000.0,A,0.12500484
2017-09-30,2017-10-02,YouGov,39.0,54.0,B,1000.0,A,0.12449343
2017-10-01,2017-10-03,YouGov,39.0,54.0,B,1500.0,A,0.18599029
2017-10-02,2017-10-04,YouGov,38.0,52.0,B,1000.0,A,0.12474694
2017-10-03,2017-10-05,Gallup,39.0,57.0,B,1500.0,A,0.15841743
2017-10-04,2017-10-06,YouGov,39.0,52.0,B,1000.0,A,0.12622674
2017-10-05,2017-10-07,Gallup,38.0,57.0,B,1500.0,A,0.15841743
2017-10-06,2017-10-08,Gallup,37.0,56.0,B,1500.0,A,0.15841743
2017-10-07,2017-10-09,Gallup,36.0,58.0,B,1500.0,A,0.15841743
2017-10-08,2017-10-10,YouGov,38.0,53.0,B,1000.0,A,0.12457273
2017-10-09,2017-10-11,YouGov,38.0,53.0,B,1000.0,A,0.12522041
2017-10-10,2017-10-12,Rasmussen Reports/Pulse Opinion Research,43.0,55.0,C+,1500.0,LV,0.12202314
2017-10-11,2017-10-13,YouGov,40.0,53.0,B,1000.0,A,0.12655027
2017-10-12,2017-10-14,Gallup,38.0,56.0,B,1500.0,A,0.15841743
2017-10-13,2017-10-15,YouGov,39.0,52.0,B,1000.0,A,0.12594054
2017-10-14,2017-10-16,Gallup,37.0,58.0,B,1500.0,A,0.15841743
2017-10-15,2017-10-17,YouGov,40.0,53.0,B,1000.0,A,0.1246738
2017-10-16,2017-10-18,YouGov,36.0,57.0,B,1000.0,A,0.12530154
2017-10-17,2017-10-19,YouGov,38.0,54.0,B,1000.0,A,0.12594054
2017-10-18,2017-10-20,Gallup,36.0,59.0,B,1500.0,A,0.15841743
2017-10-19,2017-10-21,Gallup,36.0,58.0,B,1500.0,A,0.15841743
2017-10-20,2017-10-22,Gallup,36.0,57.0,B,1500.0,A,0.15841743
2017-10-21,2017-10-23,YouGov,40.0,53.0,B,1000.0,A,0.12530154
2017-10-22,2017-10-24,Gallup,36.0,59.0,B,1500.0,A,0.15844849
2017-10-23,2017-10-25,Gallup,37.0,58.0,B,1500.0,A,0.15848741
2017-10-24,2017-10-26,Rasmussen Reports/Pulse Opinion Research,43.0,55.0,C+,1500.0,LV,0.12193033
2017-10-25,2017-10-27,Gallup,36.0,59.0,B,1500.0,A,0.15853423
2017-10-26,2017-10-28,YouGov,39.0,51.0,B,1000.0,A,0.1265911
2017-10-27,2017-10-29,Public Policy Polling,38.0,56.0,B,572.0,RV,0.94098701
2017-10-28,2017-10-30,YouGov,35.0,54.0,B,1000.0,A,0.12530154
2017-10-29,2017-10-31,Rasmussen Reports/Pulse Opinion Research,43.0,55.0,C+,1500.0,LV,0.12122856
2017-10-30,2017-11-01,Gallup,38.0,58.0,B,1500.0,A,0.15865187
2017-10-31,2017-11-02,Rasmussen Reports/Pulse Opinion Research,43.0,55.0,C+,1500.0,LV,0.12165068
2017-11-01,2017-11-03,YouGov,37.0,54.0,B,1000.0,A,0.1265911
2017-11-02,2017-11-04,YouGov,37.0,53.0,B,1000.0,A,0.1265911
2017-11-03,2017-11-05,YouGov,39.0,53.0,B,1000.0,A,0.12594054
2017-11-04,2017-11-06,YouGov,36.0,56.0,B,1000.0,A,0.12530154
2017-11-05,2017-11-07,Rasmussen Reports/Pulse Opinion Research,42.0,57.0,C+,1500.0,LV,0.12094891
2017-11-06,2017-11-08,YouGov,39.0,53.0,B,1000.0,A,0.12530154
2017-11-07,2017-11-09,YouGov,37.0,52.0,B,1000.0,A,0.12594054
2017-11-08,2017-11-10,Gallup,38.0,57.0,B,1500.0,A,0.15949652
2017-11-09,2017-11-11,Morning Consult,42.0,52.0,B/C,1993.0,RV,0.41155805
2017-11-10,2017-11-12,YouGov,40.0,52.0,B,1000.0,A,0.12594054
2017-11-11,2017-11-13,Gallup,38.0,57.0,B,1500.0,A,0.16030648
2017-11-12,2017-11-14,YouGov,37.0,54.0,B,1000.0,A,0.1246738
2017-11-13,2017-11-15,Gallup,37.0,57.0,B,1500.0,A,0.16156728
2017-11-14,2017-11-16,YouGov,40.0,53.0,B,1000.0,A,0.12594054
2017-11-15,2017-11-17,Gallup,39.0,56.0,B,1500.0,A,0.16258081
2017-11-16,2017-11-18,YouGov,38.0,53.0,B,1000.0,A,0.1265911
2017-11-17,2017-11-19,Gallup,38.0,57.0,B,1500.0,A,0.16361213
2017-11-18,2017-11-20,Gallup,36.0,57.0,B,1500.0,A,0.16413462
2017-11-19,2017-11-21,YouGov,37.0,54.0,B,1500.0,A,0.18701071
2017-11-21,2017-11-21,Lucid,37.57,49.66,D+,985.0,A,0.33973055
2017-11-20,2017-11-22,Gallup,38.0,55.0,B,1500.0,A,0.16519363
2017-11-22,2017-11-24,YouGov,38.0,54.0,B,1000.0,A,0.1265911
2017-11-23,2017-11-25,YouGov,42.0,50.0,B,1000.0,A,0.1265911
2017-11-24,2017-11-26,Gallup,37.0,57.0,B,1500.0,A,0.16319129999999998
2017-11-25,2017-11-27,Gallup,37.0,56.0,B,1500.0,A,0.16272969
2017-11-26,2017-11-28,Rasmussen Reports/Pulse Opinion Research,41.0,57.0,C+,1500.0,LV,0.12322064
2017-11-27,2017-11-29,Rasmussen Reports/Pulse Opinion Research,42.0,56.0,C+,1500.0,LV,0.12366235
2017-11-28,2017-11-29,SurveyMonkey,36.0,62.0,D-,2036.0,A,0.03844791
2017-11-29,2017-11-30,Winston Group,36.0,58.0,B/C,1000.0,RV,1.206167
2017-11-30,2017-12-02,YouGov,38.0,52.0,B,1000.0,A,0.1265911
2017-12-01,2017-12-03,YouGov,38.0,56.0,B,1000.0,A,0.12594054
2017-12-02,2017-12-04,Gallup,35.0,60.0,B,1500.0,A,0.15971470000000001
2017-12-03,2017-12-05,YouGov,37.0,51.0,B,1500.0,A,0.18701071
2017-12-04,2017-12-06,YouGov,36.0,52.0,B,1000.0,A,0.12530154
2017-12-05,2017-12-05,Lucid,34.82,50.18,D+,859.0,A,0.34228885
2017-12-06,2017-12-08,Gallup,37.0,58.0,B,1500.0,A,0.16082761
2017-12-07,2017-12-09,YouGov,39.0,54.0,B,1000.0,A,0.1265911
2017-12-08,2017-12-10,YouGov,39.0,51.0,B,1000.0,A,0.12597118
2017-12-09,2017-12-11,Gallup,35.0,60.0,B,1500.0,A,0.16139009
2017-12-10,2017-12-12,Monmouth University,32.0,56.0,A+,806.0,A,1.8042770000000001
2017-12-11,2017-12-13,YouGov,37.0,58.0,B,1000.0,A,0.1253321
2017-12-12,2017-12-14,YouGov,40.0,53.0,B,1000.0,A,0.12597118
2017-12-13,2017-12-15,NBC News/The Wall Street Journal,41.0,56.0,A-,900.0,A,1.2648641
2017-12-14,2017-12-16,Gallup,35.0,60.0,B,1500.0,A,0.16597763
2017-12-15,2017-12-17,YouGov,34.0,55.0,B,1000.0,A,0.12597118
2017-12-16,2017-12-18,YouGov,38.0,52.0,B,1000.0,A,0.1253321
2017-12-17,2017-12-19,Gallup,35.0,59.0,B,1500.0,A,0.17139884
2017-12-18,2017-12-20,YouGov,40.0,53.0,B,1000.0,A,0.12542778
2017-12-19,2017-12-21,YouGov,37.0,53.0,B,1000.0,A,0.12606685
2017-12-20,2017-12-22,YouGov,38.0,53.0,B,1000.0,A,0.12671749
2017-12-21,2017-12-23,Gallup,39.0,55.0,B,1500.0,A,0.17937871
2017-12-22,2017-12-24,YouGov,41.0,51.0,B,1000.0,A,0.12606685
2017-12-23,2017-12-25,YouGov,40.0,52.0,B,1000.0,A,0.12542778
2017-12-24,2017-12-26,Rasmussen Reports/Pulse Opinion Research,45.0,53.0,C+,1500.0,LV,0.12900772
2017-12-26,2017-12-26,Lucid,36.11,53.61,D+,698.0,A,0.30304839
2017-12-25,2017-12-27,Rasmussen Reports/Pulse Opinion Research,46.0,53.0,C+,1500.0,LV,0.13006176
2017-12-27,2017-12-29,Gallup,38.0,56.0,B,1500.0,A,0.20061342
2017-12-28,2017-12-30,YouGov,39.0,52.0,B,1000.0,A,0.12734925
2017-12-29,2017-12-31,YouGov,38.0,53.0,B,1000.0,A,0.12668678
2017-12-30,2018-01-01,YouGov,36.0,55.0,B,1000.0,A,0.12603621
2017-12-31,2018-01-02,YouGov,40.0,52.0,B,1000.0,A,0.12539722
2018-01-01,2018-01-03,YouGov,39.0,53.0,B,1000.0,A,0.12603621
2018-01-02,2018-01-04,YouGov,37.0,54.0,B,1000.0,A,0.12668678
2018-01-03,2018-01-03,Lucid,36.99,50.17,D+,929.0,A,0.3809537
2018-01-04,2018-01-06,YouGov,42.0,50.0,B,1000.0,A,0.12734925
2018-01-05,2018-01-07,YouGov,38.0,53.0,B,1000.0,A,0.12668678
2018-01-06,2018-01-08,YouGov,37.0,55.0,B,1000.0,A,0.12603621
2018-01-07,2018-01-09,Rasmussen Reports/Pulse Opinion Research,44.0,55.0,C+,1500.0,LV,0.13044762
2018-01-08,2018-01-09,YouGov,38.0,51.0,B,1500.0,A,0.18686796
2018-01-09,2018-01-10,Lucid,37.81,50.95,D+,1398.0,A,0.60323169
2018-01-10,2018-01-12,YouGov,42.0,51.0,B,1000.0,A,0.12584537
2018-01-11,2018-01-13,YouGov,38.0,51.0,B,1000.0,A,0.12584537
2018-01-12,2018-01-14,YouGov,37.0,56.0,B,1000.0,A,0.12520638
2018-01-13,2018-01-15,YouGov,39.0,52.0,B,1000.0,A,0.12457864
2018-01-14,2018-01-16,YouGov,42.0,48.0,B,1000.0,A,0.12396185
2018-01-15,2018-01-17,YouGov,38.0,53.0,B,1000.0,A,0.12457864
2018-01-16,2018-01-16,Ipsos,36.0,59.0,B-,1007.0,A,0.25760089
2018-01-17,2018-01-19,YouGov,40.0,52.0,B,1000.0,A,0.12584537
2018-01-18,2018-01-19,Morning Consult,45.0,51.0,B/C,1017.0,RV,0.14676771
2018-01-19,2018-01-21,YouGov,37.0,54.0,B,1000.0,A,0.12581481
2018-01-20,2018-01-21,Morning Consult,42.0,53.0,B/C,1997.0,RV,0.29428684
2018-01-21,2018-01-23,Fox News,45.0,53.0,A-,1002.0,RV,1.6754726000000002
2018-01-22,2018-01-24,Rasmussen Reports/Pulse Opinion Research,45.0,54.0,C+,1500.0,LV,0.12234180000000001
2018-01-23,2018-01-25,YouGov,39.0,52.0,B,1000.0,A,0.12581481
2018-01-24,2018-01-26,YouGov,39.0,51.0,B,1000.0,A,0.1264653
2018-01-25,2018-01-27,YouGov,40.0,51.0,B,1000.0,A,0.1264653
2018-01-26,2018-01-28,YouGov,40.0,51.0,B,1000.0,A,0.12581481
2018-01-27,2018-01-29,YouGov,39.0,51.0,B,1000.0,A,0.12517589
2018-01-28,2018-01-30,YouGov,39.0,51.0,B,1500.0,A,0.18682234
2018-01-29,2018-01-31,Rasmussen Reports/Pulse Opinion Research,45.0,53.0,C+,1500.0,LV,0.12187053
2018-01-30,2018-02-01,Rasmussen Reports/Pulse Opinion Research,49.0,49.0,C+,1500.0,LV,0.12208540000000001
2018-01-31,2018-02-02,YouGov,41.0,54.0,B,1000.0,A,0.12656047
2018-02-01,2018-02-03,YouGov,41.0,51.0,B,1000.0,A,0.12656047
2018-02-02,2018-02-04,YouGov,36.0,55.0,B,1000.0,A,0.12590998
2018-02-03,2018-02-05,YouGov,43.0,47.0,B,1000.0,A,0.12527106
2018-02-04,2018-02-06,Rasmussen Reports/Pulse Opinion Research,48.0,51.0,C+,1500.0,LV,0.12132109
2018-02-05,2018-02-07,YouGov,39.0,52.0,B,1000.0,A,0.12527106
2018-02-06,2018-02-08,Rasmussen Reports/Pulse Opinion Research,49.0,50.0,C+,1500.0,LV,0.12202314
2018-02-07,2018-02-09,YouGov,39.0,53.0,B,1000.0,A,0.12656047
2018-02-08,2018-02-10,Morning Consult,43.0,50.0,B/C,2201.0,A,0.34350958
2018-02-09,2018-02-11,Public Policy Polling,44.0,50.0,B,687.0,RV,0.83064942
2018-02-10,2018-02-12,YouGov,40.0,51.0,B,1000.0,A,0.12530154
2018-02-11,2018-02-13,YouGov,41.0,51.0,B,1500.0,A,0.18701071
2018-02-12,2018-02-14,YouGov,38.0,52.0,B,1000.0,A,0.12530154
2018-02-13,2018-02-15,YouGov,37.0,54.0,B,1000.0,A,0.12594054
2018-02-14,2018-02-16,YouGov,39.0,54.0,B,1000.0,A,0.1265911
2018-02-15,2018-02-17,YouGov,37.0,56.0,B,1000.0,A,0.1265911
2018-02-16,2018-02-18,YouGov,39.0,54.0,B,1000.0,A,0.12594054
2018-02-17,2018-02-19,YouGov,39.0,53.0,B,1000.0,A,0.12530154
2018-02-18,2018-02-20,YouGov,41.0,48.0,B,1500.0,A,0.18701071
2018-02-19,2018-02-21,YouGov,40.0,51.0,B,1000.0,A,0.12530154
2018-02-20,2018-02-20,Morning Consult,43.0,54.0,B/C,1992.0,RV,0.29233155
2018-02-21,2018-02-23,SurveyMonkey,41.0,56.0,D-,3574.0,A,0.03886931
2018-02-22,2018-02-24,YouGov,41.0,51.0,B,1000.0,A,0.1265911
2018-02-23,2018-02-25,YouGov,40.0,51.0,B,1000.0,A,0.12594054
2018-02-24,2018-02-26,YouGov,38.0,54.0,B,1000.0,A,0.12530154
2018-02-25,2018-02-27,Rasmussen Reports/Pulse Opinion Research,49.0,50.0,C+,1500.0,LV,0.12132109
2018-02-26,2018-02-28,Rasmussen Reports/Pulse Opinion Research,49.0,50.0,C+,1500.0,LV,0.12178752
2018-02-27,2018-03-01,Rasmussen Reports/Pulse Opinion Research,49.0,50.0,C+,1500.0,LV,0.12202314
2018-02-28,2018-03-02,YouGov,39.0,54.0,B,1000.0,A,0.1265911
2018-03-01,2018-03-03,YouGov,42.0,50.0,B,1000.0,A,0.1265911
2018-03-02,2018-03-04,YouGov,42.0,49.0,B,1000.0,A,0.12594054
2018-03-03,2018-03-05,Quinnipiac University,38.0,56.0,B+,1122.0,RV,1.3538758
2018-03-04,2018-03-06,YouGov,39.0,52.0,B,1000.0,A,0.1246738
2018-03-05,2018-03-07,Rasmussen Reports/Pulse Opinion Research,45.0,54.0,C+,1500.0,LV,0.12178752
2018-03-06,2018-03-08,Rasmussen Reports/Pulse Opinion Research,44.0,54.0,C+,1500.0,LV,0.12202314
2018-03-07,2018-03-09,YouGov,36.0,52.0,B,1000.0,A,0.1265911
2018-03-08,2018-03-10,YouGov,40.0,51.0,B,1000.0,A,0.1265911
2018-03-09,2018-03-11,YouGov,40.0,51.0,B,1000.0,A,0.12594054
2018-03-10,2018-03-12,YouGov,40.0,51.0,B,1000.0,A,0.12530154
2018-03-11,2018-03-13,Rasmussen Reports/Pulse Opinion Research,47.0,52.0,C+,1500.0,LV,0.12132109
2018-03-12,2018-03-14,Rasmussen Reports/Pulse Opinion Research,46.0,53.0,C+,1500.0,LV,0.12178752
2018-03-13,2018-03-15,Rasmussen Reports/Pulse Opinion Research,47.0,52.0,C+,1500.0,LV,0.12202314
2018-03-14,2018-03-16,YouGov,41.0,53.0,B,1000.0,A,0.1265911
2018-03-15,2018-03-17,YouGov,38.0,54.0,B,1000.0,A,0.1265911
2018-03-16,2018-03-18,YouGov,40.0,52.0,B,1000.0,A,0.12594054
2018-03-17,2018-03-18,Morning Consult,42.0,53.0,B/C,2201.0,A,0.27729215
2018-03-18,2018-03-20,YouGov,40.0,52.0,B,1000.0,A,0.1246738
2018-03-19,2018-03-21,Marist College,40.0,51.0,A+,1271.0,A,2.2570477
2018-03-20,2018-03-22,YouGov,38.0,51.0,B,1000.0,A,0.12594054
2018-03-21,2018-03-23,SurveyMonkey,45.0,54.0,D-,2878.0,A,0.02588494
2018-03-22,2018-03-24,YouGov,41.0,50.0,B,1000.0,A,0.1265911
2018-03-23,2018-03-25,YouGov,38.0,54.0,B,1000.0,A,0.12594054
2018-03-24,2018-03-26,YouGov,39.0,53.0,B,1000.0,A,0.12530154
2018-03-25,2018-03-27,Rasmussen Reports/Pulse Opinion Research,45.0,53.0,C+,1500.0,LV,0.12132109
2018-03-26,2018-03-28,YouGov,37.0,55.0,B,1000.0,A,0.12530154
2018-03-27,2018-03-29,YouGov,41.0,52.0,B,1000.0,A,0.12594054
2018-03-28,2018-03-30,YouGov,40.0,51.0,B,1000.0,A,0.1265911
2018-03-29,2018-03-31,YouGov,39.0,54.0,B,1000.0,A,0.1265911
2018-03-30,2018-03-31,Winston Group,40.0,51.0,B/C,1000.0,RV,1.206167
2018-03-31,2018-04-02,YouGov,40.0,48.0,B,1000.0,A,0.12530154
2018-04-01,2018-04-03,YouGov,38.0,52.0,B,1500.0,A,0.18701071
2018-04-02,2018-04-04,Rasmussen Reports/Pulse Opinion Research,47.0,51.0,C+,1500.0,LV,0.12178752
2018-04-03,2018-04-05,Rasmussen Reports/Pulse Opinion Research,47.0,52.0,C+,1500.0,LV,0.12202314
2018-04-04,2018-04-06,YouGov,39.0,54.0,B,1000.0,A,0.1265911
2018-04-05,2018-04-07,YouGov,39.0,52.0,B,1000.0,A,0.12661157
2018-04-06,2018-04-08,YouGov,40.0,54.0,B,1000.0,A,0.12596095
2018-04-07,2018-04-09,YouGov,39.0,52.0,B,1000.0,A,0.12532191
2018-04-08,2018-04-10,Rasmussen Reports/Pulse Opinion Research,49.0,50.0,C+,1500.0,LV,0.12132109
2018-04-09,2018-04-10,Public Policy Polling,40.0,54.0,B,618.0,RV,0.80008416
2018-04-10,2018-04-12,YouGov,38.0,52.0,B,1000.0,A,0.12596095
2018-04-11,2018-04-13,YouGov,38.0,53.0,B,1000.0,A,0.12661157
2018-04-12,2018-04-14,YouGov,41.0,51.0,B,1000.0,A,0.12661157
2018-04-13,2018-04-15,YouGov,38.0,54.0,B,1000.0,A,0.12598194
2018-04-14,2018-04-16,YouGov,38.0,55.0,B,1000.0,A,0.12536381
2018-04-15,2018-04-17,Rasmussen Reports/Pulse Opinion Research,50.0,49.0,C+,1500.0,LV,0.12135209
2018-04-16,2018-04-18,Rasmussen Reports/Pulse Opinion Research,48.0,51.0,C+,1500.0,LV,0.12182895
2018-04-17,2018-04-19,Rasmussen Reports/Pulse Opinion Research,49.0,50.0,C+,1500.0,LV,0.122075
2018-04-18,2018-04-19,Public Policy Polling,41.0,53.0,B,741.0,RV,0.97717156
2018-04-19,2018-04-21,YouGov,43.0,47.0,B,1000.0,A,0.12686484
2018-04-20,2018-04-22,YouGov,40.0,52.0,B,1000.0,A,0.12625586
2018-04-21,2018-04-23,YouGov,40.0,52.0,B,1000.0,A,0.12559322
2018-04-22,2018-04-24,Rasmussen Reports/Pulse Opinion Research,48.0,50.0,C+,1500.0,LV,0.12142473
2018-04-23,2018-04-25,YouGov,43.0,50.0,B,1000.0,A,0.12563362
2018-04-24,2018-04-26,YouGov,39.0,54.0,B,1000.0,A,0.12635748
2018-04-25,2018-04-27,YouGov,40.0,51.0,B,1000.0,A,0.12749227
2018-04-26,2018-04-28,YouGov,40.0,49.0,B,1000.0,A,0.12753555
2018-04-27,2018-04-29,YouGov,38.0,52.0,B,1000.0,A,0.12698541
2018-04-28,2018-04-30,Winston Group,43.0,51.0,B/C,1000.0,RV,1.206167
2018-04-29,2018-04-30,YouGov,38.0,51.0,B,1000.0,A,0.12585746
2018-04-30,2018-05-02,YouGov,40.0,53.0,B,1000.0,A,0.12660433
2018-05-01,2018-05-02,YouGov,41.0,49.0,B,1000.0,A,0.12715485
2018-05-02,2018-05-03,YouGov,42.0,48.0,B,1000.0,A,0.12771739
2018-05-03,2018-05-04,YouGov,40.0,50.0,B,1000.0,A,0.12812375
2018-05-04,2018-05-06,YouGov,41.0,50.0,B,1000.0,A,0.12792689
2018-05-06,2018-05-07,YouGov,38.0,52.0,B,1000.0,A,0.12633761
2018-05-05,2018-05-09,Ipsos,43.6,54.3,B-,1431.0,A,0.10139938
2018-05-07,2018-05-09,Rasmussen Reports/Pulse Opinion Research,48.0,50.0,C+,1500.0,LV,0.12346569
2018-05-08,2018-05-10,Rasmussen Reports/Pulse Opinion Research,49.0,49.0,C+,1500.0,LV,0.12394418
2018-05-09,2018-05-10,YouGov,40.0,50.0,B,1000.0,A,0.1303214
2018-05-10,2018-05-12,YouGov,42.0,50.0,B,1000.0,A,0.13117991
2018-05-11,2018-05-12,YouGov,38.0,48.0,B,1000.0,A,0.12985456
2018-05-12,2018-05-14,YouGov,40.0,52.0,B,1000.0,A,0.12855099
2018-05-13,2018-05-15,Rasmussen Reports/Pulse Opinion Research,48.0,50.0,C+,1000.0,LV,0.08292871
2018-05-14,2018-05-16,Rasmussen Reports/Pulse Opinion Research,49.0,50.0,C+,1500.0,LV,0.12464994
2018-05-15,2018-05-16,YouGov,39.0,53.0,B,1000.0,A,0.12711659
2018-05-16,2018-05-18,YouGov,41.0,50.0,B,1000.0,A,0.12619523
2018-05-17,2018-05-19,Morning Consult,44.0,52.0,B/C,1990.0,RV,0.25845534
2018-05-18,2018-05-22,Ipsos,45.6,52.0,B-,1298.0,A,0.08855646
2018-05-19,2018-05-21,YouGov,38.0,53.0,B,1000.0,A,0.11907730000000001
2018-05-20,2018-05-22,Rasmussen Reports/Pulse Opinion Research,48.0,51.0,C+,1500.0,LV,0.12275491
2018-05-21,2018-05-22,YouGov,37.5,54.0,B,1000.0,A,0.11569889
2018-05-22,2018-05-23,YouGov,41.0,49.0,B,1000.0,A,0.11666035
2018-05-23,2018-05-26,SurveyMonkey,45.0,53.0,D-,2499.0,A,0.03296331
2018-05-24,2018-05-28,Ipsos,38.6,56.2,B-,1898.0,A,0.11815319999999999
2018-05-25,2018-05-29,Ipsos,39.0,55.5,B-,2354.0,A,0.14481089
2018-05-26,2018-05-28,YouGov,39.0,51.0,B,1000.0,A,0.11544033
2018-05-27,2018-05-29,Rasmussen Reports/Pulse Opinion Research,47.0,52.0,C+,1500.0,LV,0.12171841
2018-05-28,2018-05-30,Rasmussen Reports/Pulse Opinion Research,47.0,52.0,C+,1500.0,LV,0.12214303
2018-05-29,2018-05-30,YouGov,39.0,51.0,B,1000.0,A,0.11876729
2018-05-30,2018-05-31,YouGov,40.0,52.0,B,1000.0,A,0.12056137
2018-05-31,2018-06-01,Winston Group,41.0,52.0,B/C,1000.0,RV,1.2004694
2018-06-01,2018-06-03,YouGov,40.0,52.0,B,1000.0,A,0.12253271
2018-06-03,2018-06-03,YouGov,41.0,50.0,B,1000.0,A,0.12200376
2018-06-02,2018-06-06,Ipsos,38.8,55.9,B-,1512.0,A,0.08977288
2018-06-04,2018-06-04,YouGov,38.0,53.0,B,1000.0,A,0.12148564
2018-06-05,2018-06-07,Rasmussen Reports/Pulse Opinion Research,47.0,51.0,C+,1500.0,LV,0.122125
2018-06-06,2018-06-07,YouGov,40.0,52.0,B,1000.0,A,0.12587051
2018-06-07,2018-06-08,YouGov,40.0,53.0,B,1000.0,A,0.12602115
2018-06-08,2018-06-10,Public Policy Polling,39.0,54.0,B,679.0,RV,1.0610104999999999
2018-06-09,2018-06-10,YouGov,42.0,49.0,B,1000.0,A,0.12513078
2018-06-10,2018-06-12,Rasmussen Reports/Pulse Opinion Research,49.0,49.0,C+,1500.0,LV,0.12127163
2018-06-11,2018-06-13,Rasmussen Reports/Pulse Opinion Research,49.0,49.0,C+,1500.0,LV,0.12173456
2018-06-12,2018-06-14,Morning Consult,44.0,51.0,B/C,1993.0,RV,0.21458397
2018-06-13,2018-06-14,YouGov,43.0,51.0,B,1000.0,A,0.12585565
2018-06-14,2018-06-15,YouGov,40.0,51.0,B,1000.0,A,0.12596052
2018-06-15,2018-06-18,YouGov,40.0,52.0,B,1000.0,A,0.12398691
2018-06-16,2018-06-17,YouGov,44.0,47.0,B,1000.0,A,0.12398691
2018-06-17,2018-06-19,Rasmussen Reports/Pulse Opinion Research,48.0,50.0,C+,1500.0,LV,0.12184894
2018-06-18,2018-06-18,YouGov,40.0,53.0,B,1000.0,A,0.12341661
2018-06-19,2018-06-20,YouGov,44.0,48.0,B,1000.0,A,0.12477724
2018-06-20,2018-06-21,YouGov,38.0,51.0,B,1000.0,A,0.12545492
2018-06-21,2018-06-22,YouGov,43.0,50.0,B,1000.0,A,0.12551823
2018-06-22,2018-06-24,YouGov,39.0,50.0,B,1000.0,A,0.12528509
2018-06-23,2018-06-24,YouGov,45.0,49.0,B,1000.0,A,0.12465388
2018-06-24,2018-06-25,Harris Poll,47.0,53.0,C,1448.0,RV,1.0745415
2018-06-25,2018-06-26,YouGov,37.0,52.0,B,1000.0,A,0.12471448
2018-06-26,2018-06-27,YouGov,43.0,48.0,B,1000.0,A,0.12536615
2018-06-27,2018-06-28,YouGov,41.0,49.0,B,1000.0,A,0.1264235
2018-06-28,2018-06-30,YouGov,42.0,49.0,B,1000.0,A,0.1264235
2018-06-29,2018-06-30,YouGov,39.0,51.0,B,1000.0,A,0.12577303
2018-06-30,2018-07-02,YouGov,42.0,50.0,B,1000.0,A,0.12513414
2018-07-01,2018-07-03,YouGov,41.0,49.0,B,1500.0,A,0.18667751
2018-07-02,2018-07-03,YouGov,39.0,52.0,B,1000.0,A,0.12508773
2018-07-03,2018-07-05,YouGov,43.0,49.0,B,1000.0,A,0.12567175
2018-07-04,2018-07-06,YouGov,41.0,51.0,B,1000.0,A,0.12626731
2018-07-05,2018-07-06,YouGov,40.0,53.0,B,1000.0,A,0.12621305
2018-07-06,2018-07-08,YouGov,41.0,48.0,B,1000.0,A,0.12550938
2018-07-07,2018-07-09,YouGov,41.0,50.0,B,1000.0,A,0.12490095
2018-07-08,2018-07-09,YouGov,41.0,47.0,B,1000.0,A,0.12422097
2018-07-09,2018-07-11,Rasmussen Reports/Pulse Opinion Research,46.0,52.0,C+,1500.0,LV,0.12723099999999998
2018-07-10,2018-07-11,YouGov,40.0,51.0,B,1000.0,A,0.12537918
2018-07-11,2018-07-12,YouGov,38.0,53.0,B,1000.0,A,0.12580351
2018-07-12,2018-07-13,YouGov,43.0,51.0,B,1000.0,A,0.12559990000000001
2018-07-13,2018-07-14,YouGov,40.0,51.0,B,1000.0,A,0.12472984
2018-07-14,2018-07-15,YouGov,42.0,50.0,B,1000.0,A,0.12387343
2018-07-15,2018-07-17,YouGov,39.0,50.0,B,1500.0,A,0.18454549
2018-07-16,2018-07-17,Ipsos,39.0,54.0,B-,1520.0,A,0.35687679
2018-07-17,2018-07-19,YouGov,38.0,52.0,B,1000.0,A,0.12394211
2018-07-18,2018-07-19,YouGov,42.0,50.0,B,1000.0,A,0.12437757
2018-07-19,2018-07-20,YouGov,39.0,54.0,B,1000.0,A,0.12416636
2018-07-20,2018-07-21,YouGov,42.0,50.0,B,1000.0,A,0.12330882
2018-07-21,2018-07-22,YouGov,40.0,50.0,B,1000.0,A,0.12139133
2018-07-22,2018-07-23,YouGov,40.0,51.0,B,1000.0,A,0.11955987
2018-07-23,2018-07-24,YouGov,39.0,50.0,B,1000.0,A,0.11893717
2018-07-24,2018-07-26,Rasmussen Reports/Pulse Opinion Research,46.0,52.0,C+,1500.0,LV,0.12233128
2018-07-25,2018-07-26,YouGov,44.0,50.0,B,1000.0,A,0.11771497
2018-07-26,2018-07-27,YouGov,41.0,50.0,B,1000.0,A,0.11656856
2018-07-27,2018-07-28,YouGov,38.0,52.0,B,1000.0,A,0.11525946
2018-07-28,2018-07-29,YouGov,41.0,48.0,B,1000.0,A,0.11367311
2018-07-29,2018-07-30,YouGov,42.0,51.0,B,1000.0,A,0.1121501
2018-07-30,2018-08-01,Rasmussen Reports/Pulse Opinion Research,50.0,49.0,C+,1500.0,LV,0.12194362
2018-07-31,2018-08-02,Rasmussen Reports/Pulse Opinion Research,48.0,50.0,C+,1500.0,LV,0.12211665
2018-08-01,2018-08-02,YouGov,39.0,51.0,B,1000.0,A,0.1125807
2018-08-02,2018-08-03,YouGov,40.0,50.0,B,1000.0,A,0.113622
2018-08-03,2018-08-04,HarrisX,51.0,49.0,C,1021.0,RV,0.40414104
2018-08-04,2018-08-05,YouGov,37.0,53.0,B,1000.0,A,0.11474010000000001
2018-08-05,2018-08-07,YouGov,40.0,49.0,B,1500.0,A,0.17296375
2018-08-06,2018-08-08,Rasmussen Reports/Pulse Opinion Research,47.0,51.0,C+,1500.0,LV,0.12178752
2018-08-07,2018-08-08,YouGov,40.0,53.0,B,1000.0,A,0.11781693
2018-08-09,2018-08-09,YouGov,40.0,53.0,B,1000.0,A,0.11958015
2018-08-08,2018-08-10,SurveyMonkey,45.0,53.0,D-,2096.0,A,0.02674934
2018-08-10,2018-08-12,Morning Consult,41.0,52.0,B/C,2202.0,A,0.46848489
2018-08-11,2018-08-13,YouGov,41.0,52.0,B,1000.0,A,0.12211993
2018-08-12,2018-08-14,YouGov,42.0,49.0,B,1500.0,A,0.18256501
2018-08-13,2018-08-15,YouGov,42.0,50.0,B,1000.0,A,0.12253769
2018-08-14,2018-08-16,YouGov,41.0,51.0,B,1000.0,A,0.12337836
2018-08-15,2018-08-17,SurveyMonkey,43.0,55.0,D-,2479.0,A,0.03701011
2018-08-16,2018-08-18,Morning Consult,42.0,55.0,B/C,1974.0,RV,0.38470552
2018-08-17,2018-08-19,YouGov,41.0,50.0,B,1000.0,A,0.12402344
2018-08-18,2018-08-19,YouGov,38.0,53.0,B,1000.0,A,0.12401167
2018-08-19,2018-08-21,Fox News,45.0,53.0,A-,1009.0,RV,1.7183711
2018-08-20,2018-08-22,Rasmussen Reports/Pulse Opinion Research,46.0,52.0,C+,1500.0,LV,0.12178752
2018-08-21,2018-08-22,YouGov,38.0,53.0,B,1000.0,A,0.12531569
2018-08-22,2018-08-23,Harris Poll,46.0,54.0,C,1330.0,RV,0.16962969
2018-08-23,2018-08-24,YouGov,41.0,50.0,B,1000.0,A,0.12607141
2018-08-24,2018-08-26,Morning Consult,43.0,51.0,B/C,2201.0,A,0.27064171
2018-08-25,2018-08-27,YouGov,41.0,52.0,B,1000.0,A,0.12489105
2018-08-26,2018-08-28,Rasmussen Reports/Pulse Opinion Research,47.0,53.0,C+,1500.0,LV,0.12132109
2018-08-27,2018-08-27,YouGov,43.0,51.0,B,1000.0,A,0.12431787
2018-08-28,2018-08-30,YouGov,43.0,50.0,B,1000.0,A,0.12572307
2018-08-29,2018-08-31,Morning Consult,41.0,53.0,B/C,2197.0,A,0.24060662
2018-08-30,2018-08-31,YouGov,39.0,50.0,B,1000.0,A,0.12641774
2018-08-31,2018-09-01,YouGov,40.0,52.0,B,1000.0,A,0.12578993
2018-09-01,2018-09-02,YouGov,39.0,53.0,B,1000.0,A,0.12511905
2018-09-02,2018-09-03,YouGov,41.0,51.0,B,1000.0,A,0.12445967
2018-09-03,2018-09-04,YouGov,40.0,51.0,B,1000.0,A,0.12505479
2018-09-04,2018-09-06,Rasmussen Reports/Pulse Opinion Research,48.0,52.0,C+,1500.0,LV,0.12202314
2018-09-05,2018-09-07,SurveyMonkey,42.0,55.0,D-,2033.0,A,0.02748741
2018-09-06,2018-09-07,Morning Consult,40.0,53.0,B/C,1902.0,A,0.26597367
2018-09-07,2018-09-09,YouGov,39.0,51.0,B,1000.0,A,0.1254832
2018-09-08,2018-09-09,YouGov,39.0,53.0,B,1000.0,A,0.12471201
2018-09-09,2018-09-11,YouGov,42.0,48.0,B,1500.0,A,0.18592932
2018-09-10,2018-09-11,YouGov,38.0,54.0,B,1000.0,A,0.12444782
2018-09-11,2018-09-12,YouGov,39.0,51.0,B,1000.0,A,0.12497414
2018-09-12,2018-09-13,SurveyMonkey,43.0,56.0,D-,2173.0,A,0.03063007
2018-09-14,2018-09-14,YouGov,39.0,53.0,B,1000.0,A,0.12536284
2018-09-13,2018-09-17,Rasmussen Reports/Pulse Opinion Research,48.0,51.0,C+,1500.0,LV,0.21858678
2018-09-15,2018-09-16,YouGov,41.0,51.0,B,1000.0,A,0.12381798
2018-09-16,2018-09-18,Rasmussen Reports/Pulse Opinion Research,47.0,52.0,C+,1500.0,LV,0.12132109
2018-09-17,2018-09-19,Rasmussen Reports/Pulse Opinion Research,48.0,50.0,C+,1500.0,LV,0.12178752
2018-09-18,2018-09-19,YouGov,41.0,51.0,B,1000.0,A,0.12278314
2018-09-19,2018-09-21,YouGov,41.0,53.0,B,1000.0,A,0.12264371
2018-09-20,2018-09-21,YouGov,41.0,49.0,B,1000.0,A,0.1218481
2018-09-21,2018-09-22,YouGov,39.0,52.0,B,1000.0,A,0.12053369
2018-09-22,2018-09-23,YouGov,37.0,53.0,B,1000.0,A,0.11920439999999999
2018-09-23,2018-09-24,YouGov,40.0,53.0,B,1000.0,A,0.11791683
2018-09-24,2018-09-26,Rasmussen Reports/Pulse Opinion Research,47.0,52.0,C+,1500.0,LV,0.12178752
2018-09-25,2018-09-27,Rasmussen Reports/Pulse Opinion Research,47.0,51.0,C+,1500.0,LV,0.12202314
2018-09-26,2018-09-26,YouGov,44.0,50.0,B,1000.0,A,0.11756717
2018-09-27,2018-09-28,YouGov,39.0,49.0,B,2607.0,A,0.30418954
2018-09-28,2018-09-29,Morning Consult,43.0,53.0,B/C,993.0,RV,0.14491293
2018-09-29,2018-09-30,YouGov,38.0,54.0,B,1000.0,A,0.11685682
2018-09-30,2018-10-01,YouGov,39.0,52.0,B,1000.0,A,0.11681187
2018-10-01,2018-10-01,Marist College,41.0,53.0,A+,1183.0,A,2.0428803
2018-10-02,2018-10-04,Rasmussen Reports/Pulse Opinion Research,51.0,48.0,C+,1500.0,LV,0.12202314
2018-10-03,2018-10-04,YouGov,40.0,50.0,B,1000.0,A,0.12046755
2018-10-04,2018-10-06,YouGov,41.0,52.0,B,1000.0,A,0.12103473
2018-10-05,2018-10-06,YouGov,40.0,53.0,B,1000.0,A,0.12099575
2018-10-07,2018-10-07,Morning Consult,41.0,56.0,B/C,2189.0,RV,0.27219181
2018-10-06,2018-10-07,YouGov,42.0,53.0,B,1000.0,A,0.12097518
2018-10-08,2018-10-10,Rasmussen Reports/Pulse Opinion Research,49.0,50.0,C+,1500.0,LV,0.12178752
2018-10-09,2018-10-11,YouGov,41.0,51.0,B,1000.0,A,0.1227593
2018-10-10,2018-10-11,YouGov,41.0,50.0,B,1000.0,A,0.12241315
2018-10-12,2018-10-13,YouGov,40.0,51.0,B,1000.0,A,0.11897206
2018-10-11,2018-10-15,Morning Consult,44.0,51.0,B/C,1866.0,RV,0.19925904
2018-10-13,2018-10-15,YouGov,39.0,54.0,B,1000.0,A,0.11755967
2018-10-14,2018-10-15,YouGov,40.0,51.0,B,1000.0,A,0.11615245
2018-10-15,2018-10-17,Zogby Analytics,47.0,52.0,C+,848.0,LV,0.8885081
2018-10-16,2018-10-17,YouGov,43.0,51.0,B,1000.0,A,0.115604
2018-10-17,2018-10-19,SurveyMonkey,47.0,51.0,D-,2177.0,A,0.04577776
2018-10-18,2018-10-20,YouGov,40.0,54.0,B,1000.0,A,0.11455138
2018-10-19,2018-10-21,YouGov,42.0,49.0,B,1000.0,A,0.11317862
2018-10-20,2018-10-21,YouGov,41.0,52.0,B,1000.0,A,0.11191019999999999
2018-10-21,2018-10-23,YouGov,42.0,50.0,B,1500.0,A,0.16856984
2018-10-22,2018-10-23,YouGov,41.0,50.0,B,1000.0,A,0.11377286
2018-10-23,2018-10-25,Rasmussen Reports/Pulse Opinion Research,48.0,51.0,C+,1500.0,LV,0.12194883
2018-10-24,2018-10-26,SurveyMonkey,43.0,55.0,D-,2949.0,A,0.04689491
2018-10-25,2018-10-25,YouGov,41.0,51.0,B,1000.0,A,0.11740296
2018-10-26,2018-10-28,Harris Poll,44.0,56.0,C,1835.0,RV,0.18096154
2018-10-27,2018-10-29,YouGov,40.0,53.0,B,1000.0,A,0.12010665
2018-10-28,2018-10-30,YouGov,40.0,52.0,B,1500.0,A,0.18089029
2018-10-29,2018-10-31,Rasmussen Reports/Pulse Opinion Research,49.0,50.0,C+,1500.0,LV,0.12163788
2018-10-30,2018-11-01,Rasmussen Reports/Pulse Opinion Research,51.0,47.0,C+,1500.0,LV,0.12179952
2018-10-31,2018-11-01,YouGov,41.0,49.0,B,1000.0,A,0.12678268
2018-11-01,2018-11-03,CNN/SSRS,39.0,55.0,B/C,1518.0,A,1.3994486000000002
2018-11-02,2018-11-04,Morning Consult,46.0,51.0,B/C,1963.0,RV,0.17210311
2018-11-03,2018-11-05,YouGov,41.0,53.0,B,1000.0,A,0.12510211
2018-11-04,2018-11-06,YouGov,42.0,49.0,B,1000.0,A,0.12465898
2018-11-05,2018-11-07,Rasmussen Reports/Pulse Opinion Research,48.0,50.0,C+,1500.0,LV,0.12189991
2018-11-06,2018-11-06,McLaughlin & Associates,48.0,49.0,C/D,1000.0,LV,0.71477508
2018-11-07,2018-11-08,YouGov,44.0,50.0,B,1000.0,A,0.12525153
2018-11-08,2018-11-08,YouGov,43.0,51.0,B,1000.0,A,0.12525153
2018-11-09,2018-11-12,Monmouth University,43.0,49.0,A+,802.0,A,1.7955293999999997
2018-11-10,2018-11-11,YouGov,40.0,53.0,B,1000.0,A,0.12385201
2018-11-11,2018-11-13,YouGov,41.0,51.0,B,1500.0,A,0.18368608
2018-11-12,2018-11-14,Rasmussen Reports/Pulse Opinion Research,48.0,50.0,C+,1500.0,LV,0.12112424
2018-11-13,2018-11-15,HarrisX,48.0,52.0,C,3000.0,RV,0.0
2018-11-14,2018-11-16,YouGov,41.0,52.0,B,1000.0,A,0.12509715
2018-11-15,2018-11-17,YouGov,42.0,50.0,B,1000.0,A,0.12519011
2018-11-16,2018-11-18,YouGov,42.0,51.0,B,1000.0,A,0.12466277
2018-11-17,2018-11-19,YouGov,42.0,51.0,B,1000.0,A,0.12455177
2018-11-18,2018-11-20,YouGov,40.0,53.0,B,1000.0,A,0.12482957
2018-11-19,2018-11-21,HarrisX,46.0,54.0,C,3000.0,RV,0.08228294
2018-11-20,2018-11-22,HarrisX,47.0,53.0,C,3000.0,RV,0.0
2018-11-21,2018-11-23,HarrisX,48.0,52.0,C,3000.0,RV,0.08102653
2018-11-22,2018-11-24,YouGov,41.0,52.0,B,1000.0,A,0.129659
2018-11-23,2018-11-25,YouGov,43.0,49.0,B,1000.0,A,0.12991893
2018-11-24,2018-11-26,YouGov,39.0,53.0,B,1000.0,A,0.12969243
2018-11-25,2018-11-27,YouGov,40.0,52.0,B,1500.0,A,0.19407054
2018-11-26,2018-11-28,Rasmussen Reports/Pulse Opinion Research,47.0,51.0,C+,1500.0,LV,0.12776914
2018-11-27,2018-11-29,YouGov,39.0,55.0,B,1000.0,A,0.13173989
2018-11-28,2018-11-30,HarrisX,49.0,51.0,C,3000.0,RV,0.07712032
2018-11-29,2018-11-30,YouGov,43.5,50.5,B,1000.0,A,0.13239242
2018-11-30,2018-12-02,Winston Group,44.0,48.0,B/C,1000.0,RV,1.206167
2018-12-02,2018-12-02,YouGov,41.0,52.0,B,1000.0,A,0.12973527
2018-12-03,2018-12-05,HarrisX,50.0,50.0,C,3000.0,RV,0.07631922
2018-12-01,2018-12-07,Ipsos,41.8,52.3,B-,2298.0,A,0.10956733
2018-12-04,2018-12-04,Morning Consult,43.0,54.0,B/C,1975.0,RV,0.22543162
2018-12-05,2018-12-07,HarrisX,48.0,52.0,C,3003.0,RV,0.07635305
2018-12-06,2018-12-08,YouGov,41.0,52.0,B,1000.0,A,0.12487005
2018-12-07,2018-12-09,Morning Consult,41.0,51.0,B/C,2201.0,A,0.21236415
2018-12-08,2018-12-09,YouGov,41.0,54.0,B,1000.0,A,0.12193814
2018-12-09,2018-12-10,YouGov,42.0,53.0,B,1000.0,A,0.12052098
2018-12-10,2018-12-12,Rasmussen Reports/Pulse Opinion Research,49.0,48.0,C+,1500.0,LV,0.12121367
2018-12-11,2018-12-13,Rasmussen Reports/Pulse Opinion Research,48.0,50.0,C+,1500.0,LV,0.12117908
2018-12-12,2018-12-14,YouGov,42.0,52.0,B,1000.0,A,0.12086254
2018-12-13,2018-12-14,YouGov,40.0,51.0,B,1000.0,A,0.12039894
2018-12-14,2018-12-16,Morning Consult,41.0,55.0,B/C,1994.0,RV,0.20855848
2018-12-15,2018-12-17,YouGov,42.0,52.0,B,1000.0,A,0.12079681
2018-12-16,2018-12-17,YouGov,41.0,51.0,B,1000.0,A,0.12151812
2018-12-17,2018-12-19,Rasmussen Reports/Pulse Opinion Research,48.0,51.0,C+,1500.0,LV,0.12008039
2018-12-18,2018-12-19,YouGov,41.5,51.0,B,1000.0,A,0.12443894
2018-12-19,2018-12-21,HarrisX,47.0,53.0,C,3019.0,RV,0.08904416
2018-12-20,2018-12-22,YouGov,40.0,54.0,B,1000.0,A,0.12597585
2018-12-21,2018-12-23,Morning Consult,39.0,56.0,B/C,1992.0,RV,0.25486483
2018-12-22,2018-12-23,YouGov,38.0,53.0,B,1000.0,A,0.12571528
2018-12-23,2018-12-24,YouGov,41.0,53.0,B,1000.0,A,0.12558882
2018-12-24,2018-12-25,Harris Poll,44.0,56.0,C,1473.0,RV,0.12424498
2018-12-25,2018-12-27,YouGov,41.0,51.0,B,1000.0,A,0.12742187
2018-12-26,2018-12-28,HarrisX,45.0,55.0,C,3001.0,RV,0.24625312
2018-12-27,2018-12-29,YouGov,40.0,53.0,B,1000.0,A,0.1283823
2018-12-28,2018-12-30,YouGov,40.0,52.0,B,1000.0,A,0.12742893
2018-12-29,2018-12-31,HarrisX,45.0,55.0,C,3000.0,RV,0.15902658
2018-12-30,2019-01-01,YouGov,40.0,52.0,B,1000.0,A,0.12684917
2018-12-31,2019-01-02,HarrisX,46.0,54.0,C,3012.0,RV,0.07738958
2019-01-01,2019-01-01,YouGov,43.0,50.0,B,1000.0,A,0.12808756
2019-01-02,2019-01-03,YouGov,41.0,52.0,B,1000.0,A,0.13067036
2019-01-03,2019-01-05,HarrisX,48.0,52.0,C,3000.0,RV,0.07356163
2019-01-04,2019-01-06,Morning Consult,43.0,52.0,B/C,1989.0,RV,0.19447275
2019-01-05,2019-01-07,HarrisX,46.0,54.0,C,3005.0,RV,0.07079314
2019-01-06,2019-01-08,Rasmussen Reports/Pulse Opinion Research,47.0,52.0,C+,1500.0,LV,0.13090343
2019-01-07,2019-01-09,YouGov,40.0,53.0,B,1000.0,A,0.12923266
2019-01-08,2019-01-10,YouGov,40.0,54.0,B,1000.0,A,0.13047351
2019-01-09,2019-01-10,SurveyMonkey,42.0,55.0,D-,2629.0,A,0.12224429
2019-01-10,2019-01-11,HarrisX,45.0,55.0,C,1000.0,RV,0.06592509
2019-01-11,2019-01-13,Research Co.,38.0,58.0,B-,1000.0,A,1.2411848
2019-01-12,2019-01-12,YouGov,40.0,54.0,B,1000.0,A,0.12999887
2019-01-13,2019-01-15,YouGov,41.0,53.0,B,1000.0,A,0.12765792
2019-01-15,2019-01-15,Winston Group,38.0,54.0,B/C,1000.0,RV,1.1023033000000002
2019-01-14,2019-01-16,Rasmussen Reports/Pulse Opinion Research,44.0,55.0,C+,1500.0,LV,0.12416176
2019-01-16,2019-01-17,YouGov,39.0,55.0,B,1000.0,A,0.12858694
2019-01-17,2019-01-19,Morning Consult,40.0,55.0,B/C,2200.0,A,0.08901272
2019-01-18,2019-01-20,YouGov,38.0,54.0,B,1000.0,A,0.12772433
2019-01-19,2019-01-20,YouGov,40.0,55.0,B,1000.0,A,0.12657304
2019-01-20,2019-01-22,Rasmussen Reports/Pulse Opinion Research,44.0,56.0,C+,1500.0,LV,0.12206759
2019-01-21,2019-01-22,YouGov,40.0,54.0,B,1000.0,A,0.12599642
2019-01-22,2019-01-23,YouGov,39.0,54.0,B,1000.0,A,0.12655042
2019-01-23,2019-01-24,YouGov,41.0,54.0,B,1000.0,A,0.12711615
2019-01-24,2019-01-25,Morning Consult,37.0,56.0,B/C,1168.0,A,0.05641944
2019-01-25,2019-01-27,Morning Consult,40.0,55.0,B/C,1997.0,RV,0.09992548
2019-01-26,2019-01-27,YouGov,39.0,55.0,B,1000.0,A,0.12565513
2019-01-27,2019-01-29,Rasmussen Reports/Pulse Opinion Research,43.0,56.0,C+,1500.0,LV,0.12147060000000001
2019-01-28,2019-01-30,Rasmussen Reports/Pulse Opinion Research,43.0,56.0,C+,1500.0,LV,0.12184972
2019-01-29,2019-01-31,Morning Consult,42.0,53.0,B/C,2201.0,A,0.14802533
2019-01-30,2019-01-31,YouGov,41.0,52.0,B,1000.0,A,0.12673510000000002
2019-01-31,2019-02-01,YouGov,41.0,53.0,B,1000.0,A,0.12671443
2019-02-01,2019-02-02,Morning Consult,41.0,56.0,B/C,1993.0,RV,0.13946833
2019-02-02,2019-02-03,YouGov,38.0,54.0,B,1000.0,A,0.12538321
2019-02-03,2019-02-05,Rasmussen Reports/Pulse Opinion Research,48.0,51.0,C+,1500.0,LV,0.12132109
2019-02-04,2019-02-05,YouGov,40.0,52.0,B,1000.0,A,0.12534231
2019-02-05,2019-02-06,YouGov,41.0,52.0,B,1000.0,A,0.12598141
2019-02-06,2019-02-07,YouGov,39.0,53.0,B,1000.0,A,0.12663208
2019-02-07,2019-02-08,YouGov,41.0,51.0,B,1000.0,A,0.12663208
2019-02-08,2019-02-09,YouGov,40.0,52.0,B,1000.0,A,0.12596095
2019-02-09,2019-02-10,YouGov,41.0,53.0,B,1000.0,A,0.12530154
2019-02-10,2019-02-12,Fox News,46.0,52.0,A-,1004.0,RV,1.6778752000000001
2019-02-11,2019-02-12,YouGov,41.0,51.0,B,1000.0,A,0.12530154
2019-02-12,2019-02-13,YouGov,43.0,51.0,B,1000.0,A,0.12594054
2019-02-13,2019-02-14,YouGov,42.0,50.0,B,1000.0,A,0.1265911
2019-02-14,2019-02-16,Emerson College,42.8,51.1,A-,1000.0,RV,1.5989986
2019-02-15,2019-02-16,YouGov,44.0,50.0,B,1000.0,A,0.12594054
2019-02-16,2019-02-17,YouGov,41.0,55.0,B,1000.0,A,0.12530154
2019-02-17,2019-02-18,HarrisX,45.0,55.0,C,1001.0,RV,0.06837901
2019-02-18,2019-02-20,Rasmussen Reports/Pulse Opinion Research,49.0,50.0,C+,1500.0,LV,0.12178752
2019-02-19,2019-02-21,Rasmussen Reports/Pulse Opinion Research,49.0,49.0,C+,1500.0,LV,0.12202314
2019-02-20,2019-02-22,YouGov,39.0,54.0,B,1000.0,A,0.1265911
2019-02-21,2019-02-22,YouGov,42.0,50.0,B,1000.0,A,0.1265911
2019-02-22,2019-02-24,Morning Consult,42.0,54.0,B/C,1994.0,RV,0.08106497
2019-02-23,2019-02-24,YouGov,43.0,51.0,B,1000.0,A,0.12530154
2019-02-25,2019-02-25,YouGov,41.0,53.0,B,1000.0,A,0.1246738
2019-02-24,2019-02-26,Rasmussen Reports/Pulse Opinion Research,49.0,49.0,C+,1500.0,LV,0.12132109
2019-02-26,2019-02-27,YouGov,41.0,52.0,B,1000.0,A,0.12594054
2019-02-27,2019-02-28,YouGov,40.0,53.0,B,1000.0,A,0.1265911
2019-02-28,2019-03-02,Morning Consult,41.0,53.0,B/C,2200.0,A,0.08986452
2019-03-01,2019-03-03,Morning Consult,41.0,54.0,B/C,1993.0,RV,0.08185332
2019-03-02,2019-03-03,YouGov,40.0,53.0,B,1000.0,A,0.12530154
2019-03-04,2019-03-04,Morning Consult,41.0,55.0,B/C,2200.0,A,0.09185998
2019-03-03,2019-03-05,YouGov,43.0,48.0,B,1500.0,A,0.18701071
2019-03-05,2019-03-06,YouGov,43.0,50.0,B,1000.0,A,0.12594054
2019-03-06,2019-03-08,Morning Consult,41.0,54.0,B/C,1952.0,A,0.08299366
2019-03-07,2019-03-08,YouGov,40.0,52.0,B,1000.0,A,0.1265911
2019-03-08,2019-03-10,Morning Consult,41.0,54.0,B/C,1994.0,RV,0.08423538
2019-03-09,2019-03-10,YouGov,41.0,52.0,B,1000.0,A,0.12530154
2019-03-10,2019-03-12,Rasmussen Reports/Pulse Opinion Research,47.0,52.0,C+,1500.0,LV,0.12132109
2019-03-11,2019-03-13,Rasmussen Reports/Pulse Opinion Research,49.0,50.0,C+,1500.0,LV,0.12178752
2019-03-12,2019-03-14,Rasmussen Reports/Pulse Opinion Research,48.0,51.0,C+,1500.0,LV,0.12202314
2019-03-13,2019-03-14,Public Policy Polling,42.0,54.0,B,661.0,RV,0.93840826
2019-03-14,2019-03-15,YouGov,43.0,49.0,B,1000.0,A,0.1265911
2019-03-15,2019-03-17,Morning Consult,41.0,54.0,B/C,1991.0,RV,0.10286923
2019-03-16,2019-03-17,YouGov,41.0,51.0,B,1000.0,A,0.12530154
2019-03-17,2019-03-18,YouGov,41.0,53.0,B,1000.0,A,0.1246738
2019-03-18,2019-03-19,HarrisX,45.0,55.0,C,1003.0,RV,0.07281028
2019-03-19,2019-03-19,YouGov,42.0,53.0,B,1000.0,A,0.12530154
2019-03-20,2019-03-21,YouGov,42.0,50.0,B,1000.0,A,0.1265911
2019-03-21,2019-03-22,YouGov,39.0,53.0,B,1000.0,A,0.1265911
2019-03-22,2019-03-24,YouGov,41.0,53.0,B,1000.0,A,0.12594054
2019-03-23,2019-03-24,YouGov,41.0,51.0,B,1000.0,A,0.12530154
2019-03-24,2019-03-26,Rasmussen Reports/Pulse Opinion Research,49.0,50.0,C+,1500.0,LV,0.12132109
2019-03-25,2019-03-26,Harris Poll,45.0,55.0,C,1437.0,RV,0.10695832
2019-03-26,2019-03-28,Rasmussen Reports/Pulse Opinion Research,49.0,50.0,C+,1500.0,LV,0.12202314
2019-03-27,2019-03-28,Public Policy Polling,42.0,52.0,B,846.0,RV,1.1347108
2019-03-28,2019-03-29,YouGov,39.0,53.0,B,1000.0,A,0.1265911
2019-03-29,2019-03-30,YouGov,43.0,51.0,B,1000.0,A,0.12594054
2019-03-30,2019-03-31,YouGov,44.0,50.0,B,1000.0,A,0.12530154
2019-03-31,2019-04-01,YouGov,42.0,50.0,B,1000.0,A,0.1246738
2019-04-01,2019-04-02,HarrisX,46.0,54.0,C,1000.0,RV,0.08755271
2019-04-02,2019-04-03,YouGov,43.0,50.0,B,1000.0,A,0.12594054
2019-04-03,2019-04-05,YouGov,43.0,51.0,B,1000.0,A,0.1265911
2019-04-04,2019-04-05,YouGov,40.0,54.0,B,1000.0,A,0.1265911
2019-04-05,2019-04-06,YouGov,40.0,53.0,B,1000.0,A,0.12594054
2019-04-06,2019-04-07,YouGov,40.0,55.0,B,1000.0,A,0.12530154
2019-04-07,2019-04-08,YouGov,43.0,51.0,B,1000.0,A,0.1246738
2019-04-08,2019-04-09,YouGov,41.0,52.0,B,1000.0,A,0.12530154
2019-04-09,2019-04-10,YouGov,41.0,51.0,B,1000.0,A,0.12594054
2019-04-10,2019-04-11,YouGov,39.0,52.0,B,1000.0,A,0.1265911
2019-04-11,2019-04-12,YouGov,40.0,52.0,B,1000.0,A,0.1265911
2019-04-12,2019-04-14,Morning Consult,44.0,51.0,B/C,1998.0,RV,0.17563122
2019-04-13,2019-04-14,YouGov,41.0,52.0,B,1000.0,A,0.12530154
2019-04-14,2019-04-16,Rasmussen Reports/Pulse Opinion Research,52.0,48.0,C+,1500.0,LV,0.12132109
2019-04-15,2019-04-16,HarrisX,46.0,54.0,C,1000.0,RV,0.07253091
2019-04-16,2019-04-17,YouGov,42.0,50.0,B,1000.0,A,0.12594054
2019-04-17,2019-04-18,YouGov,41.0,51.0,B,1000.0,A,0.1265911
2019-04-18,2019-04-19,Ipsos,37.0,56.0,B-,1005.0,A,0.27493134
2019-04-19,2019-04-21,Morning Consult,37.0,57.0,B/C,2200.0,A,0.18639229999999998
2019-04-20,2019-04-21,YouGov,42.0,50.0,B,1000.0,A,0.12530154
2019-04-21,2019-04-22,YouGov,45.0,48.0,B,1000.0,A,0.1246738
2019-04-22,2019-04-24,Rasmussen Reports/Pulse Opinion Research,50.0,48.0,C+,1500.0,LV,0.12178752
2019-04-23,2019-04-24,Morning Consult,40.0,55.0,B/C,2201.0,A,0.19254062
2019-04-24,2019-04-25,YouGov,39.0,53.0,B,1000.0,A,0.1265911
2019-04-25,2019-04-26,YouGov,42.0,52.0,B,1000.0,A,0.1265911
2019-04-26,2019-04-27,YouGov,40.0,51.0,B,1000.0,A,0.12594054
2019-04-27,2019-04-29,YouGov,45.0,49.0,B,1000.0,A,0.12530154
2019-04-28,2019-04-30,YouGov,41.0,52.0,B,1000.0,A,0.1246738
2019-04-29,2019-04-30,YouGov,43.0,52.0,B,1000.0,A,0.12530154
2019-05-01,2019-05-01,Public Policy Polling,41.0,56.0,B,658.0,RV,1.0384130999999999
2019-04-30,2019-05-01,Winston Group,38.0,51.0,B/C,1000.0,RV,1.0264676
2019-05-02,2019-05-03,YouGov,40.0,51.0,B,1000.0,A,0.1265911
2019-05-03,2019-05-04,YouGov,42.0,49.0,B,1000.0,A,0.12594054
2019-05-04,2019-05-05,YouGov,44.0,52.0,B,1000.0,A,0.12530154
2019-05-05,2019-05-07,Rasmussen Reports/Pulse Opinion Research,49.0,49.0,C+,1500.0,LV,0.12132109
2019-05-06,2019-05-07,Ipsos,39.0,55.0,B-,1006.0,A,0.45391053
2019-05-07,2019-05-08,YouGov,40.0,52.0,B,1000.0,A,0.12594054
2019-05-08,2019-05-09,YouGov,41.0,52.0,B,1000.0,A,0.1265911
2019-05-09,2019-05-10,YouGov,42.0,51.0,B,1000.0,A,0.1265911
2019-05-10,2019-05-12,Morning Consult,41.0,56.0,B/C,1995.0,RV,0.08156674
2019-05-11,2019-05-12,YouGov,43.0,51.0,B,1000.0,A,0.12530154
2019-05-12,2019-05-13,YouGov,41.0,52.0,B,1000.0,A,0.1246738
2019-05-13,2019-05-14,YouGov,45.0,50.0,B,1000.0,A,0.12530154
2019-05-14,2019-05-15,YouGov,39.0,54.0,B,1000.0,A,0.12594054
2019-05-15,2019-05-16,YouGov,42.0,52.0,B,1000.0,A,0.12661157
2019-05-16,2019-05-17,YouGov,40.0,52.0,B,1000.0,A,0.12661157
2019-05-17,2019-05-18,YouGov,42.0,52.0,B,1000.0,A,0.12596095
2019-05-18,2019-05-20,YouGov,40.0,55.0,B,1000.0,A,0.12532191
2019-05-19,2019-05-20,YouGov,42.0,53.0,B,1000.0,A,0.12469412
2019-05-20,2019-05-22,Rasmussen Reports/Pulse Opinion Research,47.0,52.0,C+,1500.0,LV,0.12178752
2019-05-21,2019-05-23,Rasmussen Reports/Pulse Opinion Research,46.0,52.0,C+,1500.0,LV,0.12202314
2019-05-22,2019-05-23,YouGov,42.0,51.0,B,1000.0,A,0.12661157
2019-05-23,2019-05-25,Morning Consult,39.0,57.0,B/C,1995.0,RV,0.10980966
2019-05-24,2019-05-26,YouGov,42.0,51.0,B,1000.0,A,0.12596095
2019-05-26,2019-05-26,YouGov,42.0,51.0,B,1000.0,A,0.12538564
2019-05-25,2019-05-28,HarrisX,46.0,54.0,C,3004.0,RV,0.05247485
2019-05-27,2019-05-28,YouGov,42.0,51.0,B,1000.0,A,0.12538564
2019-05-28,2019-05-30,Rasmussen Reports/Pulse Opinion Research,48.0,51.0,C+,1500.0,LV,0.12202314
2019-05-29,2019-05-30,YouGov,40.0,52.0,B,1000.0,A,0.1266753
2019-05-30,2019-05-31,YouGov,42.0,54.0,B,1000.0,A,0.1266753
2019-05-31,2019-06-02,Morning Consult,41.0,53.0,B/C,2200.5,A,0.17727327
2019-06-01,2019-06-02,YouGov,41.0,51.0,B,1000.0,A,0.12538564
2019-06-02,2019-06-04,Rasmussen Reports/Pulse Opinion Research,49.0,50.0,C+,1500.0,LV,0.12122856
2019-06-04,2019-06-04,YouGov,44.0,48.0,B,1000.0,A,0.12538564
2019-06-03,2019-06-05,Rasmussen Reports/Pulse Opinion Research,50.0,49.0,C+,1500.0,LV,0.1216948
2019-06-05,2019-06-06,YouGov,43.0,49.0,B,1000.0,A,0.12709513
2019-06-06,2019-06-07,YouGov,43.0,50.0,B,1000.0,A,0.12709513
2019-06-07,2019-06-08,HarrisX,45.0,55.0,C,1001.0,RV,0.07309113
2019-06-08,2019-06-09,YouGov,42.0,50.0,B,1000.0,A,0.12579
2019-06-09,2019-06-11,Rasmussen Reports/Pulse Opinion Research,51.0,47.0,C+,1500.0,LV,0.12122856
2019-06-10,2019-06-12,Rasmussen Reports/Pulse Opinion Research,50.0,47.0,C+,1500.0,LV,0.12150787
2019-06-11,2019-06-12,YouGov,45.0,47.0,B,1000.0,A,0.12643667
2019-06-12,2019-06-14,YouGov,43.0,50.0,B,1000.0,A,0.12709513
2019-06-13,2019-06-14,YouGov,43.0,51.0,B,1000.0,A,0.12709513
2019-06-14,2019-06-16,Morning Consult,41.0,54.0,B/C,1992.0,RV,0.16268884
2019-06-15,2019-06-16,YouGov,41.0,51.0,B,1000.0,A,0.12481832
2019-06-16,2019-06-18,YouGov,43.0,49.0,B,1500.0,A,0.18629687
2019-06-17,2019-06-18,YouGov,43.0,49.0,B,1000.0,A,0.12481832
2019-06-18,2019-06-20,Rasmussen Reports/Pulse Opinion Research,49.0,49.0,C+,1500.0,LV,0.12165068
2019-06-19,2019-06-20,YouGov,43.0,48.0,B,1000.0,A,0.12609259
2019-06-20,2019-06-21,YouGov,42.0,51.0,B,1000.0,A,0.12609259
2019-06-21,2019-06-22,YouGov,42.0,50.0,B,1000.0,A,0.12544978
2019-06-22,2019-06-23,YouGov,40.0,53.0,B,1000.0,A,0.12481832
2019-06-23,2019-06-24,YouGov,43.0,51.0,B,1000.0,A,0.12419791
2019-06-24,2019-06-25,YouGov,43.0,50.0,B,1000.0,A,0.12481832
2019-06-25,2019-06-26,HarrisX,45.0,55.0,C,1000.0,RV,0.07273012
2019-06-26,2019-06-27,YouGov,44.0,48.0,B,1000.0,A,0.12650717
2019-06-27,2019-06-28,YouGov,42.0,52.0,B,1000.0,A,0.12650717
2019-06-28,2019-06-30,CNN/SSRS,43.0,52.0,B/C,1613.0,A,1.637941
2019-06-29,2019-07-01,Morning Consult,42.5,53.0,B/C,1538.0,RV,0.14713981
2019-06-30,2019-07-01,YouGov,42.0,51.0,B,1000.0,A,0.12459002
2019-07-01,2019-07-02,Morning Consult,41.0,53.0,B/C,2200.0,A,0.23008599
2019-07-02,2019-07-03,YouGov,42.0,51.0,B,1000.0,A,0.12585665
2019-07-04,2019-07-04,YouGov,42.0,50.0,B,1000.0,A,0.12650717
2019-07-03,2019-07-07,Rasmussen Reports/Pulse Opinion Research,50.0,49.0,C+,1500.0,LV,0.07455137
2019-07-05,2019-07-06,YouGov,43.0,51.0,B,1000.0,A,0.12585665
2019-07-06,2019-07-07,YouGov,42.0,52.0,B,1000.0,A,0.12528121
2019-07-07,2019-07-08,YouGov,43.0,51.0,B,1000.0,A,0.12465352
2019-07-08,2019-07-09,YouGov,41.0,52.0,B,1000.0,A,0.12528121
2019-07-09,2019-07-11,Rasmussen Reports/Pulse Opinion Research,46.0,52.0,C+,1500.0,LV,0.12412749
2019-07-11,2019-07-11,YouGov,45.0,49.0,B,1000.0,A,0.12657067
2019-07-10,2019-07-14,Rasmussen Reports/Pulse Opinion Research,46.0,52.0,C+,1500.0,LV,0.07455137
2019-07-12,2019-07-14,Morning Consult,38.0,56.0,B/C,2200.0,A,0.20477519
2019-07-13,2019-07-14,YouGov,42.0,51.0,B,1000.0,A,0.12528121
2019-07-14,2019-07-16,YouGov,44.0,48.0,B,1500.0,A,0.18698028
2019-07-15,2019-07-17,Rasmussen Reports/Pulse Opinion Research,49.0,49.0,C+,1500.0,LV,0.12216510000000001
2019-07-16,2019-07-18,Morning Consult,39.0,56.0,B/C,2201.0,A,0.17748194
2019-07-17,2019-07-18,YouGov,43.0,50.0,B,1000.0,A,0.1265911
2019-07-18,2019-07-19,YouGov,42.0,52.0,B,1000.0,A,0.1265911
2019-07-19,2019-07-21,Morning Consult,38.0,56.0,B/C,2198.0,A,0.16670302
2019-07-20,2019-07-21,HarrisX,46.0,54.0,C,1003.0,RV,0.07949980000000001
2019-07-21,2019-07-23,Fox News,46.0,51.0,A-,1004.0,RV,1.6776767
2019-07-22,2019-07-23,Ipsos,41.0,56.0,B-,1118.0,A,0.3310626
2019-07-23,2019-07-24,YouGov,41.0,52.0,B,1000.0,A,0.12594054
2019-07-25,2019-07-25,Morning Consult,40.0,57.0,B/C,2202.0,A,0.15443024
2019-07-24,2019-07-25,YouGov,41.0,54.0,B,1000.0,A,0.1265911
2019-07-26,2019-07-27,YouGov,43.0,51.0,B,1000.0,A,0.12594054
2019-07-27,2019-07-29,Emerson College,45.3,46.1,A-,1233.0,RV,1.8037033
2019-07-28,2019-07-30,Rasmussen Reports/Pulse Opinion Research,47.0,52.0,C+,1500.0,LV,0.12141432
2019-07-29,2019-07-30,Ipsos,39.0,57.0,B-,1115.0,A,0.42607883
2019-07-30,2019-07-31,YouGov,40.0,53.0,B,1000.0,A,0.12594054
2019-07-31,2019-08-01,Harris Poll,45.0,55.0,C,2214.0,RV,0.15036609
2019-08-01,2019-08-01,YouGov,43.0,52.0,B,1000.0,A,0.1265911
2019-08-02,2019-08-03,YouGov,44.0,50.0,B,1000.0,A,0.12594054
2019-08-03,2019-08-04,YouGov,41.0,52.0,B,1000.0,A,0.12530154
2019-08-04,2019-08-06,Rasmussen Reports/Pulse Opinion Research,47.0,51.0,C+,1500.0,LV,0.12132109
2019-08-05,2019-08-06,HarrisX,45.0,55.0,C,1001.0,RV,0.06691307
2019-08-06,2019-08-07,YouGov,42.0,52.0,B,1000.0,A,0.12594054
2019-08-07,2019-08-08,YouGov,42.0,52.0,B,1000.0,A,0.1265911
2019-08-08,2019-08-09,YouGov,41.0,51.0,B,1000.0,A,0.1265911
2019-08-09,2019-08-11,Morning Consult,42.0,54.0,B/C,1993.0,RV,0.14671127
2019-08-10,2019-08-11,YouGov,42.0,52.0,B,1000.0,A,0.12530154
2019-08-11,2019-08-12,YouGov,43.0,52.0,B,1000.0,A,0.1246738
2019-08-12,2019-08-13,YouGov,40.0,52.0,B,1000.0,A,0.12530154
2019-08-13,2019-08-15,Morning Consult,40.0,54.0,B/C,4200.0,A,0.2903941
2019-08-14,2019-08-15,YouGov,43.0,51.0,B,1000.0,A,0.1265911
2019-08-15,2019-08-16,YouGov,42.0,53.0,B,1000.0,A,0.1265911
2019-08-16,2019-08-18,Morning Consult,42.0,55.0,B/C,1998.0,RV,0.13413484
2019-08-17,2019-08-18,YouGov,41.0,53.0,B,1000.0,A,0.12530154
2019-08-18,2019-08-20,Rasmussen Reports/Pulse Opinion Research,46.0,52.0,C+,1500.0,LV,0.12132109
2019-08-19,2019-08-20,Ipsos,41.0,55.0,B-,1117.0,A,0.63043439
2019-08-20,2019-08-22,Rasmussen Reports/Pulse Opinion Research,50.0,48.0,C+,1500.0,LV,0.12202314
2019-08-21,2019-08-22,YouGov,43.0,51.0,B,1000.0,A,0.1265911
2019-08-22,2019-08-23,YouGov,40.0,53.0,B,1000.0,A,0.1265911
2019-08-23,2019-08-24,YouGov,43.0,51.0,B,1000.0,A,0.12594054
2019-08-24,2019-08-25,YouGov,41.0,53.0,B,1000.0,A,0.12530154
2019-08-25,2019-08-26,YouGov,39.0,54.0,B,1000.0,A,0.1246738
2019-08-26,2019-08-28,Harris Poll,45.0,55.0,C,2531.0,RV,0.15852660000000002
2019-08-27,2019-08-29,Rasmussen Reports/Pulse Opinion Research,47.0,51.0,C+,1500.0,LV,0.12202314
2019-08-28,2019-08-29,YouGov,42.0,52.0,B,1000.0,A,0.12658702
2019-08-29,2019-08-31,YouGov,41.0,51.0,B,1000.0,A,0.12658293
2019-08-30,2019-09-01,YouGov,44.0,49.0,B,1000.0,A,0.12590794
2019-08-31,2019-09-01,YouGov,44.0,50.0,B,1000.0,A,0.1252447
2019-09-01,2019-09-02,YouGov,43.0,51.0,B,1000.0,A,0.12459288
2019-09-02,2019-09-04,Rasmussen Reports/Pulse Opinion Research,46.0,52.0,C+,1500.0,LV,0.12178752
2019-09-03,2019-09-05,Rasmussen Reports/Pulse Opinion Research,46.0,52.0,C+,1500.0,LV,0.12202314
2019-09-04,2019-09-05,YouGov,42.0,52.0,B,1000.0,A,0.12643665
2019-09-05,2019-09-07,Morning Consult,42.0,53.0,B/C,2200.0,A,0.19566568
2019-09-06,2019-09-08,YouGov,42.0,52.0,B,1000.0,A,0.12573821
2019-09-07,2019-09-08,Morning Consult,43.0,54.0,B/C,1998.0,RV,0.17316061
2019-09-08,2019-09-08,YouGov,42.0,53.0,B,1000.0,A,0.12506301
2019-09-09,2019-09-10,YouGov,43.0,51.0,B,1000.0,A,0.12492638
2019-09-10,2019-09-11,YouGov,43.0,50.0,B,1000.0,A,0.12546505
2019-09-11,2019-09-12,YouGov,42.0,53.0,B,1000.0,A,0.12601553
2019-09-12,2019-09-13,YouGov,42.0,51.0,B,1000.0,A,0.12591655
2019-09-13,2019-09-15,Morning Consult,39.0,56.0,B/C,2198.0,A,0.16202883
2019-09-14,2019-09-15,YouGov,41.0,54.0,B,1000.0,A,0.12443285
2019-09-15,2019-09-16,YouGov,42.0,53.0,B,1000.0,A,0.12370875
2019-09-16,2019-09-17,YouGov,40.0,53.0,B,1000.0,A,0.12423844
2019-09-17,2019-09-19,Rasmussen Reports/Pulse Opinion Research,52.0,47.0,C+,1500.0,LV,0.12202314
2019-09-18,2019-09-20,YouGov,41.0,53.0,B,1000.0,A,0.12516615
2019-09-19,2019-09-21,YouGov,40.0,54.0,B,1000.0,A,0.12457568
2019-09-20,2019-09-22,Morning Consult,41.0,55.0,B/C,1994.0,RV,0.12009187
2019-09-21,2019-09-23,YouGov,42.0,51.0,B,1000.0,A,0.12218991
2019-09-22,2019-09-23,YouGov,43.0,49.0,B,1000.0,A,0.12104917
2019-09-23,2019-09-24,Ipsos,43.0,54.0,B-,1005.0,A,0.33817415
2019-09-24,2019-09-26,Morning Consult,41.0,56.0,B/C,1640.0,RV,0.09183352
2019-09-25,2019-09-25,Marist College,44.0,53.0,A+,846.0,A,1.5466206
2019-09-26,2019-09-27,Public Policy Polling,40.0,55.0,B,885.0,V,1.2611789
2019-09-27,2019-09-29,Quinnipiac University,41.0,53.0,B+,1115.0,RV,1.0143520000000001
2019-09-28,2019-09-29,HarrisX,49.0,51.0,C,1000.0,RV,0.07416274
2019-09-29,2019-10-01,YouGov,42.0,52.0,B,1000.0,A,0.11777004
2019-09-30,2019-10-01,Ipsos,40.0,55.0,B-,1121.0,A,0.37590823
2019-10-01,2019-10-02,YouGov,41.0,52.0,B,1000.0,A,0.11990739999999998
2019-10-02,2019-10-03,YouGov,41.0,52.0,B,1000.0,A,0.12102245
2019-10-03,2019-10-05,Morning Consult,38.0,57.0,B/C,2200.0,A,0.14655457
2019-10-04,2019-10-05,YouGov,41.0,52.0,B,1000.0,A,0.12153786
2019-10-05,2019-10-06,YouGov,42.0,52.0,B,1000.0,A,0.12149994
2019-10-06,2019-10-08,Rasmussen Reports/Pulse Opinion Research,46.0,52.0,C+,1500.0,LV,0.12132109
2019-10-07,2019-10-08,YouGov,42.0,52.0,B,1000.0,A,0.12262429
2019-10-08,2019-10-10,YouGov,43.0,50.0,B,1000.0,A,0.12382119
2019-10-09,2019-10-10,YouGov,42.0,52.0,B,1000.0,A,0.12497249999999999
2019-10-10,2019-10-11,YouGov,40.0,53.0,B,1000.0,A,0.1254946
2019-10-11,2019-10-13,Morning Consult,37.0,59.0,B/C,2195.0,A,0.13477106
2019-10-12,2019-10-13,YouGov,42.0,52.0,B,1000.0,A,0.12441869
2019-10-13,2019-10-14,YouGov,45.0,49.0,B,980.0,A,0.12143909
2019-10-14,2019-10-15,Ipsos,40.0,54.0,B-,1115.0,A,0.38861029
2019-10-15,2019-10-17,YouGov,41.0,52.0,B,1000.0,A,0.12536279
2019-10-16,2019-10-17,YouGov,39.0,55.0,B,1000.0,A,0.12610297
2019-10-17,2019-10-18,YouGov,39.0,53.0,B,1000.0,A,0.12619233
2019-10-18,2019-10-20,YouGov,41.0,52.0,B,1000.0,A,0.12563117
2019-10-19,2019-10-21,YouGov,42.0,52.0,B,1000.0,A,0.12506946
2019-10-20,2019-10-22,YouGov,42.0,49.0,B,1500.0,A,0.18677922
2019-10-21,2019-10-23,YouGov,40.0,53.0,B,1000.0,A,0.12513158
2019-10-22,2019-10-24,YouGov,39.0,53.0,B,1000.0,A,0.12575463
2019-10-23,2019-10-24,YouGov,44.0,50.0,B,1000.0,A,0.1264527
2019-10-24,2019-10-25,YouGov,42.0,51.0,B,1000.0,A,0.12643665
2019-10-25,2019-10-26,YouGov,41.0,52.0,B,1000.0,A,0.12577897
2019-10-26,2019-10-27,YouGov,40.0,51.0,B,1000.0,A,0.1251329
2019-10-27,2019-10-28,YouGov,41.0,51.0,B,1000.0,A,0.12449812
2019-10-28,2019-10-29,YouGov,42.0,51.0,B,1000.0,A,0.12511758
2019-10-29,2019-10-30,Morning Consult,40.0,56.0,B/C,1996.0,RV,0.14636654
2019-10-30,2019-10-31,YouGov,43.0,49.0,B,1000.0,A,0.12638251
2019-10-31,2019-11-02,Winston Group,42.0,48.0,B/C,1000.0,RV,1.0264676
2019-11-01,2019-11-03,Morning Consult,41.0,55.0,B/C,1983.0,RV,0.13975571
2019-11-02,2019-11-04,YouGov,42.0,50.0,B,1000.0,A,0.12511946
2019-11-03,2019-11-05,YouGov,41.0,50.0,B,1500.0,A,0.18654007
2019-11-04,2019-11-05,YouGov,41.0,53.0,B,1000.0,A,0.12484139
2019-11-05,2019-11-06,YouGov,42.0,52.0,B,1000.0,A,0.12533469
2019-11-06,2019-11-08,Morning Consult,39.0,56.0,B/C,2187.0,A,0.1435249
2019-11-07,2019-11-09,Morning Consult,39.0,55.0,B/C,2200.0,A,0.14140535
2019-11-08,2019-11-10,YouGov,38.0,52.0,B,1000.0,A,0.12488275
2019-11-09,2019-11-11,YouGov,41.0,53.0,B,1000.0,A,0.12408884
2019-11-10,2019-11-12,YouGov,41.0,50.0,B,1500.0,A,0.18407074
2019-11-11,2019-11-13,Rasmussen Reports/Pulse Opinion Research,48.0,51.0,C+,1500.0,LV,0.12352115
2019-11-12,2019-11-13,Ipsos,39.0,58.0,B-,1116.0,A,0.49703439
2019-11-13,2019-11-15,YouGov,43.0,50.0,B,1000.0,A,0.12142793
2019-11-14,2019-11-15,Ipsos,41.0,54.0,B-,1115.0,A,0.49638542
2019-11-15,2019-11-17,YouGov,41.0,52.0,B,1000.0,A,0.11926133
2019-11-16,2019-11-18,YouGov,43.0,51.0,B,1000.0,A,0.11793642
2019-11-17,2019-11-19,YouGov,45.0,49.0,B,1000.0,A,0.11665023
2019-11-18,2019-11-19,Ipsos,40.0,55.0,B-,1116.0,A,0.51527408
2019-11-19,2019-11-21,Rasmussen Reports/Pulse Opinion Research,46.0,52.0,C+,1500.0,LV,0.12890343
2019-11-20,2019-11-22,SurveyMonkey,44.0,52.0,D-,2397.0,A,0.61808541
2019-11-21,2019-11-22,Winston Group,39.0,53.0,B/C,1000.0,RV,1.1647748
2019-11-22,2019-11-24,YouGov,41.0,52.0,B,1000.0,A,0.11638046
2019-11-23,2019-11-25,YouGov,42.0,51.0,B,1000.0,A,0.11632698
2019-11-24,2019-11-26,YouGov,43.0,50.0,B,1000.0,A,0.11608439
2019-11-25,2019-11-27,YouGov,40.0,51.0,B,1000.0,A,0.11658467
2019-11-26,2019-11-28,YouGov,40.0,53.0,B,1000.0,A,0.11709399
2019-11-27,2019-11-29,Morning Consult,40.0,55.0,B/C,2200.0,A,0.16053039
2019-11-28,2019-11-30,YouGov,40.0,51.0,B,1000.0,A,0.11748656
2019-11-29,2019-12-01,YouGov,39.0,53.0,B,1000.0,A,0.11685316
2019-11-30,2019-12-02,YouGov,40.0,53.0,B,1000.0,A,0.11612097
2019-12-01,2019-12-03,YouGov,41.0,53.0,B,1000.0,A,0.11539934
2019-12-02,2019-12-03,Ipsos,39.0,55.0,B-,1117.0,A,0.60439504
2019-12-03,2019-12-04,Morning Consult,40.0,54.0,B/C,2196.0,A,0.17300851
2019-12-04,2019-12-06,YouGov,38.0,52.0,B,1500.0,A,0.17258316
2019-12-05,2019-12-07,YouGov,43.0,50.0,B,1000.0,A,0.11560831
2019-12-06,2019-12-08,Morning Consult,39.0,58.0,B/C,1994.0,RV,0.15743216
2019-12-07,2019-12-09,YouGov,41.0,51.0,B,1000.0,A,0.11562694
2019-12-08,2019-12-10,Rasmussen Reports/Pulse Opinion Research,51.0,48.0,C+,1500.0,LV,0.12475743
2019-12-09,2019-12-11,Marist College,42.0,52.0,A+,1744.0,A,3.0537916000000003
2019-12-10,2019-12-12,YouGov,41.0,50.0,B,1000.0,A,0.1162849
2019-12-11,2019-12-12,YouGov,41.0,51.0,B,1000.0,A,0.11652361
2019-12-12,2019-12-14,YouGov,40.0,52.0,B,1000.0,A,0.11612466
2019-12-13,2019-12-15,YouGov,40.0,53.0,B,1000.0,A,0.11553048
2019-12-14,2019-12-16,YouGov,40.0,50.0,B,1000.0,A,0.11462417
2019-12-15,2019-12-17,YouGov,42.0,52.0,B,1000.0,A,0.11372464
2019-12-16,2019-12-17,Ipsos,41.0,53.0,B-,1117.0,A,0.61038241
2019-12-17,2019-12-19,YouGov,39.0,54.0,B,1000.0,A,0.11304147
2019-12-18,2019-12-20,YouGov,43.0,51.0,B,1000.0,A,0.11270563
2019-12-19,2019-12-20,Morning Consult,41.0,56.0,B/C,1387.0,RV,0.14182039999999999
2019-12-20,2019-12-22,Morning Consult,42.0,53.0,B/C,2200.0,A,0.22773827
2019-12-21,2019-12-23,YouGov,42.0,53.0,B,1000.0,A,0.11269867
2019-12-22,2019-12-24,YouGov,40.0,52.0,B,1500.0,A,0.16986168
2019-12-24,2019-12-26,Rasmussen Reports/Pulse Opinion Research,46.0,53.0,C+,1500.0,LV,0.13405784
2019-12-23,2019-12-26,YouGov,42.0,52.0,B,1000.0,A,0.11562206
2019-12-25,2019-12-27,YouGov,41.0,53.0,B,1000.0,A,0.11728955
2019-12-26,2019-12-27,Morning Consult,40.0,56.0,B/C,2200.0,A,0.25615722
2019-12-27,2019-12-29,Harris Poll,47.0,53.0,C,2010.0,RV,0.85527391
2019-12-28,2019-12-30,YouGov,41.0,51.0,B,1000.0,A,0.11941403
2019-12-29,2019-12-31,YouGov,40.0,52.0,B,1000.0,A,0.12000432
2019-12-30,2019-12-31,YouGov,42.0,49.0,B,1000.0,A,0.12117321
2019-12-31,2020-01-01,YouGov,41.0,50.0,B,1000.0,A,0.12277502
2020-01-01,2020-01-03,YouGov,41.0,52.0,B,1000.0,A,0.12350996
2020-01-02,2020-01-04,YouGov,42.0,50.0,B,1000.0,A,0.12360564
2020-01-03,2020-01-05,YouGov,40.0,54.0,B,1000.0,A,0.12306174
2020-01-04,2020-01-05,Morning Consult,41.0,56.0,B/C,1995.0,RV,0.12075325
2020-01-05,2020-01-07,YouGov,43.0,50.0,B,1500.0,A,0.18358637
2020-01-06,2020-01-08,Rasmussen Reports/Pulse Opinion Research,48.0,51.0,C+,1500.0,LV,0.12862365
2020-01-07,2020-01-09,Rasmussen Reports/Pulse Opinion Research,48.0,51.0,C+,1500.0,LV,0.12816719
2020-01-08,2020-01-09,Morning Consult,40.0,55.0,B/C,2200.0,A,0.11104088
2020-01-09,2020-01-11,Morning Consult,42.0,54.0,B/C,2199.0,A,0.10968732
2020-01-10,2020-01-11,YouGov,41.0,52.0,B,1000.0,A,0.12426389999999998
2020-01-11,2020-01-13,YouGov,39.0,52.0,B,1000.0,A,0.12286480000000001
2020-01-12,2020-01-14,Rasmussen Reports/Pulse Opinion Research,49.0,50.0,C+,1500.0,LV,0.12319839999999999
2020-01-13,2020-01-14,HarrisX,47.0,53.0,C,1001.0,RV,0.57412365
2020-01-14,2020-01-16,Rasmussen Reports/Pulse Opinion Research,49.0,50.0,C+,1500.0,LV,0.12354075
2020-01-15,2020-01-16,Morning Consult,42.0,54.0,B/C,2200.0,A,0.11054964
2020-01-16,2020-01-18,Morning Consult,40.0,54.0,B/C,2200.0,A,0.11109329
2020-01-17,2020-01-19,Morning Consult,42.0,53.0,B/C,2200.0,A,0.11265819
2020-01-19,2020-01-21,Rasmussen Reports/Pulse Opinion Research,46.0,53.0,C+,1500.0,LV,0.12195963
2020-01-18,2020-01-21,YouGov,43.0,52.0,B,1000.0,A,0.11582228
2020-01-20,2020-01-22,Rasmussen Reports/Pulse Opinion Research,48.0,50.0,C+,1500.0,LV,0.12228119999999999
2020-01-21,2020-01-22,Winston Group,43.0,50.0,B/C,1000.0,RV,0.98367668
2020-01-22,2020-01-24,YouGov,43.0,50.0,B,1000.0,A,0.11642977
2020-01-23,2020-01-24,YouGov,39.0,54.0,B,1000.0,A,0.11695858
2020-01-24,2020-01-26,Morning Consult,40.0,55.0,B/C,2200.0,A,0.10778104
2020-01-25,2020-01-27,YouGov,41.0,54.0,B,1000.0,A,0.11719015
2020-01-26,2020-01-28,Rasmussen Reports/Pulse Opinion Research,49.0,51.0,C+,1500.0,LV,0.12150198
2020-01-27,2020-01-29,Morning Consult,40.0,55.0,B/C,2202.0,A,0.10960919
2020-01-28,2020-01-29,Morning Consult,42.0,54.0,B/C,2203.0,A,0.10876119
2020-01-29,2020-01-30,Morning Consult,43.0,54.0,B/C,1992.0,RV,0.10035383
2020-01-30,2020-02-01,YouGov,40.0,53.0,B,1000.0,A,0.12073881
2020-01-31,2020-02-02,Winston Group,45.0,50.0,B/C,1000.0,RV,0.94423822
2020-02-01,2020-02-03,YouGov,40.0,52.0,B,1000.0,A,0.11961746
2020-02-02,2020-02-04,YouGov,42.0,52.0,B,1000.0,A,0.11825312
2020-02-03,2020-02-04,Ipsos,42.0,54.0,B-,1114.0,A,0.58177341
2020-02-05,2020-02-05,Research Co.,45.0,51.0,B-,1000.0,A,1.2411848
2020-02-04,2020-02-05,Morning Consult,44.0,53.0,B/C,1989.0,RV,0.11608653
2020-02-06,2020-02-07,HarrisX,49.0,51.0,C,1000.0,RV,0.49580101
2020-02-07,2020-02-09,YouGov,41.0,50.0,B,1000.0,A,0.11228456
2020-02-08,2020-02-10,YouGov,41.0,52.0,B,1000.0,A,0.11076332
2020-02-09,2020-02-11,YouGov,40.0,51.0,B,1500.0,A,0.16536243
2020-02-10,2020-02-11,Ipsos,41.0,54.0,B-,1114.0,A,0.55054693
2020-02-12,2020-02-12,Morning Consult,41.0,56.0,B/C,1993.0,RV,0.11832784
2020-02-11,2020-02-13,YouGov,42.0,49.0,B,1000.0,A,0.11088736
2020-02-13,2020-02-15,Morning Consult,42.0,53.0,B/C,6600.0,A,0.36249815
2020-02-14,2020-02-16,YouGov,42.0,51.0,B,1000.0,A,0.1117262
2020-02-15,2020-02-16,Winston Group,41.0,51.0,B/C,1000.0,RV,1.0494238999999999
2020-02-16,2020-02-18,Emerson College,48.0,44.3,A-,1250.0,RV,1.8655837
2020-02-17,2020-02-19,YouGov,44.0,49.0,B,1000.0,A,0.11332277
2020-02-18,2020-02-20,Rasmussen Reports/Pulse Opinion Research,49.0,51.0,C+,1500.0,LV,0.12202314
2020-02-19,2020-02-21,YouGov,41.0,53.0,B,1000.0,A,0.11589942
2020-02-20,2020-02-22,YouGov,41.0,50.0,B,1000.0,A,0.11584059999999999
2020-02-21,2020-02-23,Morning Consult,41.0,55.0,B/C,2200.0,A,0.11191069
2020-02-22,2020-02-24,YouGov,40.0,52.0,B,1000.0,A,0.11459669999999998
2020-02-23,2020-02-23,Morning Consult,42.0,55.0,B/C,1989.0,RV,0.10308202
2020-02-24,2020-02-26,Rasmussen Reports/Pulse Opinion Research,52.0,47.0,C+,1500.0,LV,0.12178752
2020-02-25,2020-02-27,YouGov,41.0,53.0,B,1000.0,A,0.11412622
2020-02-26,2020-02-28,YouGov,41.0,50.0,B,1000.0,A,0.11406599
2020-02-27,2020-02-29,YouGov,43.0,50.0,B,1000.0,A,0.11476389999999999
2020-02-28,2020-03-01,Morning Consult,44.0,53.0,B/C,1992.0,RV,0.10438553
2020-03-01,2020-03-01,Morning Consult,42.0,56.0,B/C,1995.0,RV,0.10628409
2020-02-29,2020-03-03,YouGov,43.0,51.0,B,1000.0,A,0.11332346
2020-03-02,2020-03-03,Ipsos,42.0,53.0,B-,1115.0,A,0.5139714
2020-03-04,2020-03-04,Morning Consult,42.0,55.0,B/C,1002.0,A,0.05632507
2020-03-03,2020-03-05,YouGov,43.0,50.0,B,1000.0,A,0.11452897
2020-03-05,2020-03-07,Morning Consult,42.0,53.0,B/C,2200.0,A,0.12198187
2020-03-06,2020-03-08,Morning Consult,44.0,53.0,B/C,1992.0,RV,0.1118897
2020-03-07,2020-03-09,YouGov,41.0,52.0,B,1000.0,A,0.11380838
2020-03-08,2020-03-10,Rasmussen Reports/Pulse Opinion Research,47.0,52.0,C+,1500.0,LV,0.12132109
2020-03-09,2020-03-11,Rasmussen Reports/Pulse Opinion Research,48.0,50.0,C+,1500.0,LV,0.12178752
2020-03-10,2020-03-12,Morning Consult,44.0,48.0,B/C,1252.0,A,0.07527335
2020-03-11,2020-03-13,NBC News/The Wall Street Journal,46.0,51.0,A-,900.0,RV,1.477084
2020-03-12,2020-03-13,Morning Consult,40.0,55.0,B/C,2201.0,A,0.13227024
2020-03-13,2020-03-15,YouGov,41.0,52.0,B,1000.0,A,0.11454256
2020-03-14,2020-03-16,YouGov,41.0,52.0,B,1000.0,A,0.11454611
2020-03-15,2020-03-17,YouGov,45.0,51.0,B,1000.0,A,0.11399200000000001
2020-03-16,2020-03-17,Ipsos,42.0,53.0,B-,1115.0,A,0.37088776
2020-03-17,2020-03-19,YouGov,47.0,48.0,B,1000.0,A,0.11460985
2020-03-18,2020-03-19,Emerson College,45.85,45.0,A-,1100.0,RV,1.7384018
2020-03-19,2020-03-21,Morning Consult,44.0,50.0,B/C,2200.0,A,0.13498469
2020-03-20,2020-03-22,Morning Consult,45.0,52.0,B/C,1996.0,RV,0.12225889999999999
2020-03-21,2020-03-22,Harris Poll,54.0,46.0,C,2023.0,A,0.35498419
2020-03-22,2020-03-23,HarrisX,50.0,50.0,C,1002.0,RV,0.17820475
2020-03-23,2020-03-25,YouGov,45.0,50.0,B,1000.0,A,0.10805635
2020-03-24,2020-03-26,Zogby Analytics,51.0,47.0,C+,889.0,LV,0.95293224
2020-03-25,2020-03-27,YouGov,43.0,52.0,B,1000.0,A,0.10646681
2020-03-26,2020-03-28,YouGov,43.0,51.0,B,1000.0,A,0.10632752
2020-03-27,2020-03-29,Morning Consult,44.0,51.0,B/C,2200.0,A,0.133157
2020-03-28,2020-03-30,YouGov,45.0,49.0,B,1000.0,A,0.10492799
2020-03-29,2020-03-31,Rasmussen Reports/Pulse Opinion Research,48.0,51.0,C+,1500.0,LV,0.12132109
2020-03-30,2020-03-31,Ipsos,44.0,51.0,B-,1114.0,A,0.51417607
2020-03-31,2020-04-02,YouGov,45.0,52.0,B,1000.0,A,0.10742685
2020-04-01,2020-04-03,YouGov,45.0,50.0,B,1000.0,A,0.10854953
2020-04-02,2020-04-04,Morning Consult,42.0,52.0,B/C,2200.0,A,0.13118747
2020-04-03,2020-04-03,Research Co.,43.0,52.0,B-,1000.0,A,1.2411848
2020-04-04,2020-04-05,YouGov,43.0,51.0,B,1000.0,A,0.10955802
2020-04-05,2020-04-07,YouGov,45.0,51.0,B,1500.0,A,0.16458126
2020-04-06,2020-04-08,YouGov,42.0,51.0,B,1000.0,A,0.11037943
2020-04-07,2020-04-09,Rasmussen Reports/Pulse Opinion Research,43.0,56.0,C+,1500.0,LV,0.12202314
2020-04-08,2020-04-10,YouGov,47.0,49.0,B,1000.0,A,0.11283375
2020-04-09,2020-04-10,Morning Consult,40.0,54.0,B/C,2200.0,A,0.11609238
2020-04-10,2020-04-12,YouGov,45.0,50.0,B,1000.0,A,0.11275118
2020-04-11,2020-04-13,YouGov,44.0,51.0,B,1000.0,A,0.11243126
2020-04-12,2020-04-14,Rasmussen Reports/Pulse Opinion Research,45.0,54.0,C+,1500.0,LV,0.12132109
2020-04-13,2020-04-15,Change Research,44.0,56.0,C-,1349.0,LV,0.49228109
2020-04-14,2020-04-16,Harris Poll,49.0,51.0,C,2394.0,RV,0.56938743
2020-04-15,2020-04-17,YouGov,43.0,51.0,B,1000.0,A,0.11413485
2020-04-16,2020-04-18,Morning Consult,43.0,52.0,B/C,3300.0,A,0.17043558
2020-04-17,2020-04-19,YouGov,44.0,51.0,B,1000.0,A,0.11369264
2020-04-18,2020-04-20,YouGov,44.0,51.0,B,1000.0,A,0.11392207
2020-04-19,2020-04-20,HarrisX,50.0,50.0,C,958.0,RV,0.29911311
2020-04-20,2020-04-22,YouGov,43.0,51.0,B,1000.0,A,0.11531897
2020-04-21,2020-04-23,Rasmussen Reports/Pulse Opinion Research,45.0,54.0,C+,1500.0,LV,0.12202314
2020-04-22,2020-04-24,YouGov,42.0,50.0,B,1000.0,A,0.11787671
2020-04-23,2020-04-25,YouGov,44.0,49.0,B,1000.0,A,0.11862141
2020-04-24,2020-04-26,Morning Consult,42.5,52.0,B/C,2200.0,A,0.12280304
2020-04-25,2020-04-27,YouGov,44.0,52.0,B,1000.0,A,0.11776784
2020-04-26,2020-04-28,YouGov,45.0,50.0,B,1000.0,A,0.11732885
2020-04-27,2020-04-29,Rasmussen Reports/Pulse Opinion Research,46.0,52.0,C+,1500.0,LV,0.12178752
2020-04-28,2020-04-30,Rasmussen Reports/Pulse Opinion Research,45.0,53.0,C+,1500.0,LV,0.12202314
2020-04-29,2020-05-01,YouGov,45.0,48.0,B,1000.0,A,0.11863349
2020-04-30,2020-05-02,RMG Research,44.0,53.0,B/C,1200.0,RV,0.61735595
2020-05-01,2020-05-03,YouGov,45.0,50.0,B,1000.0,A,0.11670991
2020-05-02,2020-05-03,Morning Consult,42.0,52.0,B/C,1987.0,RV,0.09845645
2020-05-03,2020-05-05,YouGov,45.0,48.0,B,1000.0,A,0.11435425
2020-05-04,2020-05-05,Ipsos,42.0,53.0,B-,1215.0,A,0.5257149999999999
2020-05-06,2020-05-06,HarrisX,51.0,49.0,C,957.0,RV,0.44892909
2020-05-05,2020-05-07,YouGov,44.0,51.0,B,1000.0,A,0.11541872
2020-05-07,2020-05-09,YouGov,44.0,52.0,B,1000.0,A,0.11730271
2020-05-08,2020-05-10,Morning Consult,42.0,52.0,B/C,1994.0,RV,0.09567667
2020-05-09,2020-05-11,YouGov,45.0,49.0,B,1000.0,A,0.11739965
2020-05-10,2020-05-12,YouGov,46.0,49.0,B,1500.0,A,0.17510309
2020-05-11,2020-05-13,YouGov,45.0,50.0,B,1000.0,A,0.11718958
2020-05-12,2020-05-14,Rasmussen Reports/Pulse Opinion Research,49.0,50.0,C+,1500.0,LV,0.12202314
2020-05-13,2020-05-14,HarrisX,50.0,50.0,C,950.0,RV,0.3490654
2020-05-14,2020-05-16,YouGov,43.0,51.0,B,1000.0,A,0.11801963
2020-05-15,2020-05-17,Morning Consult,43.0,53.0,B/C,1995.0,RV,0.1115971
2020-05-16,2020-05-18,YouGov,41.0,53.0,B,1000.0,A,0.11611310000000001
2020-05-17,2020-05-19,YouGov,40.0,54.0,B,1000.0,A,0.11492749
2020-05-18,2020-05-20,YouGov,42.0,54.0,B,1000.0,A,0.11482683
2020-05-19,2020-05-21,Morning Consult,42.0,53.0,B/C,2200.0,A,0.14400439
2020-05-20,2020-05-21,YouGov,43.0,50.0,B,1640.0,A,0.1872084
2020-05-21,2020-05-23,YouGov,45.0,50.0,B,1000.0,A,0.1143856
2020-05-22,2020-05-24,YouGov,43.0,51.0,B,1000.0,A,0.11409449999999999
2020-05-23,2020-05-25,YouGov,46.0,49.0,B,1000.0,A,0.11380662
2020-05-24,2020-05-26,Rasmussen Reports/Pulse Opinion Research,42.0,57.0,C+,1500.0,LV,0.12132109
2020-05-25,2020-05-27,YouGov,44.0,51.0,B,1000.0,A,0.11426242
2020-05-26,2020-05-28,YouGov,44.0,51.0,B,1000.0,A,0.11493559
2020-05-27,2020-05-29,YouGov,45.0,51.0,B,1000.0,A,0.11562571
2020-05-28,2020-05-30,YouGov,44.0,51.0,B,1000.0,A,0.11577737
2020-05-29,2020-05-31,Change Research,44.0,56.0,C-,1457.0,LV,0.6987226
2020-05-30,2020-06-01,YouGov,43.0,53.0,B,1000.0,A,0.11446204
2020-05-31,2020-06-02,Rasmussen Reports/Pulse Opinion Research,44.0,54.0,C+,1500.0,LV,0.12132109
2020-06-01,2020-06-03,Rasmussen Reports/Pulse Opinion Research,46.0,52.0,C+,1500.0,LV,0.12178752
2020-06-02,2020-06-03,Emerson College,43.41,49.56,A-,1431.0,RV,2.068322
2020-06-03,2020-06-05,YouGov,41.0,53.0,B,1000.0,A,0.11567055
2020-06-04,2020-06-06,RMG Research,41.0,57.0,B/C,1200.0,RV,0.51380689
2020-06-05,2020-06-07,YouGov,44.0,52.0,B,1000.0,A,0.11481085
2020-06-06,2020-06-08,YouGov,40.0,53.0,B,1000.0,A,0.11411593
2020-06-07,2020-06-07,MSR Group,42.7,54.0,B/C,855.0,RV,1.136611
2020-06-08,2020-06-10,Rasmussen Reports/Pulse Opinion Research,43.0,56.0,C+,1500.0,LV,0.12178752
2020-06-09,2020-06-11,Morning Consult,40.0,55.0,B/C,1501.0,A,0.07831665
2020-06-10,2020-06-12,Morning Consult,39.0,57.0,B/C,1509.0,A,0.07736999
2020-06-11,2020-06-13,YouGov,43.0,53.0,B,1000.0,A,0.11647750000000001
2020-06-12,2020-06-14,Morning Consult,37.0,59.0,B/C,2200.0,A,0.10699803
2020-06-13,2020-06-15,YouGov,41.0,55.0,B,1000.0,A,0.11653205
2020-06-14,2020-06-16,Rasmussen Reports/Pulse Opinion Research,46.0,53.0,C+,1500.0,LV,0.12132109
2020-06-15,2020-06-17,Rasmussen Reports/Pulse Opinion Research,47.0,51.0,C+,1500.0,LV,0.12178752
2020-06-16,2020-06-18,Morning Consult,40.0,55.0,B/C,1840.0,A,0.0842616
2020-06-17,2020-06-19,YouGov,40.0,56.0,B,1000.0,A,0.1191942
2020-06-18,2020-06-20,YouGov,42.0,54.0,B,1000.0,A,0.11960083
2020-06-19,2020-06-20,Public Policy Polling,41.0,54.0,B,1013.0,RV,0.95371778
2020-06-20,2020-06-22,YouGov,41.0,55.0,B,1000.0,A,0.11643557
2020-06-21,2020-06-23,Rasmussen Reports/Pulse Opinion Research,47.0,52.0,C+,1500.0,LV,0.12132109
2020-06-22,2020-06-24,Rasmussen Reports/Pulse Opinion Research,47.0,51.0,C+,1500.0,LV,0.12178752
2020-06-23,2020-06-25,YouGov,41.0,56.0,B,1000.0,A,0.11438884
2020-06-24,2020-06-25,YouGov,41.0,52.0,B,1507.0,A,0.17138989
2020-06-25,2020-06-27,RMG Research,42.0,55.0,B/C,1200.0,RV,0.5520705
2020-06-26,2020-06-28,Change Research,43.0,57.0,C-,1663.0,LV,0.74976605
2020-06-28,2020-06-30,YouGov,40.0,54.0,B,1500.0,A,0.16405561
2020-06-27,2020-06-30,IBD/TIPP,37.0,56.0,A/B,1233.0,A,2.0329272
2020-06-29,2020-07-01,YouGov,39.0,56.0,B,1000.0,A,0.10939765
2020-06-30,2020-07-02,YouGov,41.0,52.0,B,1000.0,A,0.11099836
2020-07-01,2020-07-02,Research Co.,40.0,56.0,B-,1200.0,A,1.3582623
2020-07-02,2020-07-04,RMG Research,39.0,58.0,B/C,1200.0,RV,0.51380689
2020-07-04,2020-07-06,YouGov,42.0,54.0,B,1000.0,A,0.11144869
2020-07-03,2020-07-06,YouGov,40.0,55.0,B,1000.0,A,0.11144869
2020-07-05,2020-07-07,YouGov,43.0,50.0,B,1000.0,A,0.11153732
2020-07-06,2020-07-08,YouGov,40.0,55.0,B,1000.0,A,0.11283564
2020-07-07,2020-07-09,Morning Consult,38.5,57.0,B/C,2201.0,A,0.07304916
2020-07-08,2020-07-10,YouGov,42.0,53.0,B,1000.0,A,0.1150744
2020-07-09,2020-07-11,RMG Research,44.0,53.0,B/C,1200.0,RV,0.56698522
2020-07-10,2020-07-12,YouGov,40.0,53.0,B,1000.0,A,0.11451907
2020-07-11,2020-07-13,YouGov,42.0,54.0,B,1000.0,A,0.11359449
2020-07-12,2020-07-14,YouGov,41.0,54.0,B,1000.0,A,0.11259894
2020-07-13,2020-07-14,Ipsos,40.0,56.0,B-,1115.0,A,0.37854427
2020-07-14,2020-07-16,YouGov,41.0,53.0,B,1000.0,A,0.11644221
2020-07-15,2020-07-17,YouGov,39.0,56.0,B,1000.0,A,0.11813382
2020-07-16,2020-07-18,Winston Group,41.0,48.0,B/C,1000.0,RV,1.2180788999999999
2020-07-17,2020-07-19,Morning Consult,39.0,57.0,B/C,2200.0,A,0.12064104
2020-07-18,2020-07-21,YouGov,42.0,53.0,B,1000.0,A,0.11689727
2020-07-19,2020-07-21,YouGov,38.0,57.0,B,1000.0,A,0.11689727
2020-07-20,2020-07-22,YouGov,41.0,52.0,B,1000.0,A,0.11798691
2020-07-21,2020-07-23,Rasmussen Reports/Pulse Opinion Research,49.0,49.0,C+,1500.0,LV,0.12202314
2020-07-22,2020-07-24,YouGov,42.0,52.0,B,1000.0,A,0.11998289
2020-07-23,2020-07-25,RMG Research,40.0,57.0,B/C,1200.0,RV,0.76780567
2020-07-24,2020-07-26,Change Research,44.0,56.0,C-,1039.0,LV,0.56423068
2020-07-25,2020-07-27,YouGov,42.0,53.0,B,1000.0,A,0.11613944
2020-07-26,2020-07-28,YouGov,43.0,50.0,B,1500.0,A,0.17251402
2020-07-27,2020-07-28,Marist College,42.0,57.0,A+,1658.0,A,2.7607743
2020-07-28,2020-07-30,YouGov,42.0,53.0,B,1000.0,A,0.11505738
2020-07-29,2020-07-29,Morning Consult,43.0,53.0,B/C,1845.0,RV,0.12318935
2020-07-31,2020-08-02,Morning Consult,40.0,55.0,B/C,2200.0,A,0.127892
2020-07-30,2020-08-03,Rasmussen Reports/Pulse Opinion Research,49.0,49.0,C+,1500.0,LV,0.21840908
2020-08-01,2020-08-03,YouGov,40.0,54.0,B,1000.0,A,0.11582766
2020-08-02,2020-08-04,Rasmussen Reports/Pulse Opinion Research,48.0,50.0,C+,1500.0,LV,0.12133968
2020-08-03,2020-08-04,Ipsos,39.0,57.0,B-,1115.0,A,0.53548112
2020-08-04,2020-08-06,YouGov,41.0,52.0,B,1000.0,A,0.11841235
2020-08-05,2020-08-07,YouGov,42.0,54.0,B,1000.0,A,0.1194452
2020-08-07,2020-08-09,Change Research,46.0,54.0,C-,2143.0,LV,0.78666781
2020-08-06,2020-08-10,Morning Consult,38.0,57.0,B/C,2200.0,A,0.11087503
2020-08-08,2020-08-10,YouGov,42.0,55.0,B,1000.0,A,0.11723878
2020-08-09,2020-08-10,Morning Consult,41.0,58.0,B/C,1983.0,RV,0.09962544
2020-08-10,2020-08-11,Ipsos,40.0,55.0,B-,1215.0,A,0.52882333
2020-08-12,2020-08-12,Morning Consult,39.0,60.0,B/C,1990.0,RV,0.1062704
2020-08-11,2020-08-13,YouGov,40.0,56.0,B,1000.0,A,0.11753985
2020-08-13,2020-08-15,YouGov,41.0,54.0,B,1000.0,A,0.11769474
2020-08-14,2020-08-16,Morning Consult,39.0,59.0,B/C,1994.0,RV,0.11825833
2020-08-15,2020-08-17,YouGov,40.0,55.0,B,1000.0,A,0.11697877
2020-08-16,2020-08-18,YouGov,44.0,52.0,B,1000.0,A,0.11775792
2020-08-17,2020-08-19,Zogby Analytics,52.0,47.0,C+,901.0,LV,0.92560995
2020-08-18,2020-08-20,Morning Consult,39.0,55.0,B/C,2200.0,A,0.16960429999999999
2020-08-19,2020-08-21,YouGov,39.0,57.0,B,1000.0,A,0.12430292
2020-08-20,2020-08-22,RMG Research,45.0,54.0,B/C,1200.0,RV,0.93631247
2020-08-21,2020-08-23,Change Research,45.0,55.0,C-,2362.0,LV,0.87905528
2020-08-22,2020-08-24,YouGov,41.0,53.0,B,1000.0,A,0.13361654
2020-08-23,2020-08-25,Rasmussen Reports/Pulse Opinion Research,47.0,51.0,C+,1500.0,LV,0.14090869
2020-08-24,2020-08-26,Rasmussen Reports/Pulse Opinion Research,47.0,51.0,C+,1500.0,LV,0.14605911
2020-08-25,2020-08-27,YouGov,45.0,51.0,B,1000.0,A,0.15646167
2020-08-26,2020-08-28,YouGov,41.0,54.0,B,1000.0,A,0.16791039
2020-08-27,2020-08-28,YouGov,40.0,55.0,B,1001.0,A,0.18166475
2020-08-28,2020-08-30,YouGov,42.0,52.0,B,1000.0,A,0.19985365
2020-08-30,2020-08-31,Emerson College,48.47,46.9,A-,1567.0,LV,2.1880952000000002
